row_id,rating_num
14785,3
15125,2
13095,6
6079,6
16584,6
18508,6
18731,6
13610,7
21768,6
14463,2
4031,8
22418,6
5288,7
11744,6
4123,7
25449,6
19207,6
4488,7
19810,6
21238,6
18326,7
17178,7
21709,6
4027,7
23561,5
9246,6
14185,3
23650,6
29151,5
2585,8
2286,7
3243,7
14552,6
26746,6
12891,6
21499,9
28160,5
14105,6
17309,7
10918,3
24719,6
21121,6
10532,6
26159,5
12023,6
12018,7
21079,6
9136,2
21235,6
23907,6
8350,7
28069,5
5750,8
27778,6
17016,6
9779,7
17427,7
24122,5
13958,6
1839,7
14444,6
16671,6
106,7
22230,6
25307,6
2292,6
27909,5
26929,5
26110,5
21830,6
25693,6
16496,7
16402,5
26636,5
18458,5
19122,7
21646,6
28172,5
27955,6
1367,7
12203,6
20498,6
19714,5
18249,7
29005,6
25340,6
6245,7
1975,7
25669,5
17560,3
14459,3
29048,6
26839,5
2041,3
13597,3
25721,6
4004,7
8160,2
8958,6
25944,5
10426,7
26295,5
28538,6
24875,6
11587,7
21775,6
2299,8
7789,6
19451,6
12791,6
18833,6
10807,6
16688,6
28470,6
28049,5
25209,6
4283,3
7091,8
26829,6
17428,3
27396,6
24624,5
28772,6
9389,7
29088,5
5090,7
16059,6
7680,7
19217,6
4277,3
6140,7
6797,3
25655,6
4257,3
11931,6
25268,6
9695,6
27086,5
17772,6
28045,5
20788,6
22520,6
5351,7
20320,6
2611,7
29198,5
14716,6
27235,6
20929,6
27307,5
13659,3
29197,6
28730,6
13701,8
26933,5
5976,10
27435,6
870,7
3183,8
10497,7
20692,6
24687,5
11217,3
25124,6
4475,8
22241,6
3782,6
25034,5
205,7
18590,6
1825,6
28862,6
3758,3
29004,5
17773,3
15161,2
14683,6
11875,6
24247,10
1203,7
21696,5
16741,3
24362,5
10656,3
23618,5
14301,7
26200,5
23175,6
3639,8
28233,6
27057,5
25026,6
12961,6
13767,6
26169,6
25838,6
26202,5
22159,6
4777,3
14632,6
11757,6
3116,7
6173,8
3723,0
19493,6
4207,7
14079,3
7613,7
27313,6
19002,6
6266,3
7240,6
25435,6
10288,6
11028,7
6946,8
16405,6
16181,6
4158,10
16780,6
25719,6
15053,6
2644,7
23500,6
1013,7
11715,3
13768,6
4157,7
2333,6
28604,6
25316,6
19298,6
25079,6
8330,8
24317,6
13242,8
25014,5
567,7
7520,3
8926,10
12534,10
21045,6
18722,6
25265,6
15854,6
28524,5
23717,10
21889,6
28064,5
28705,6
23416,6
18346,6
23851,2
28780,6
12118,6
10926,7
6070,6
2149,7
6098,7
19125,5
23985,6
26527,6
4770,8
19567,6
26479,6
24107,6
9029,7
11022,10
1472,3
7356,3
12014,6
24849,6
5104,3
4663,7
25629,6
16195,10
26486,6
2222,7
12833,6
28879,6
5254,7
4805,7
23411,6
2733,7
2961,7
8966,10
25068,6
7403,6
23555,6
5096,3
10018,7
26173,5
11214,8
27201,6
21951,6
1616,7
24284,5
3759,3
8434,6
7195,7
16238,6
14701,7
6611,6
6278,7
13108,6
10740,6
3663,7
28452,6
23436,7
9525,6
24535,5
12981,6
11251,6
18494,6
24445,5
18370,6
1717,7
8488,6
15118,6
100,6
11912,7
11767,6
11762,3
27379,6
10486,6
14239,2
1530,7
8908,3
20365,6
27727,6
4204,7
23190,6
11998,6
9404,6
20662,6
12142,8
16369,6
28203,6
9409,2
16535,6
12063,6
14847,6
21632,6
10505,3
21592,5
12160,6
8186,7
27660,6
22496,5
7879,6
27354,6
16418,5
8997,6
16740,6
5287,8
5862,7
13559,6
16958,6
27076,5
8266,7
25911,6
23520,5
23898,6
13692,6
14658,6
26922,6
8347,6
20056,3
4741,6
17279,6
29217,6
25945,6
8767,6
1166,3
15960,6
14311,6
21810,6
19997,6
15169,6
25937,5
17725,6
13641,6
24920,6
21684,6
11512,6
12680,2
25491,6
26054,6
20773,6
28332,6
12703,6
17532,6
2232,6
26348,6
314,7
20532,6
7344,6
27663,6
13877,7
936,7
415,6
10491,7
2849,7
15176,6
22153,6
25964,6
24634,6
9761,3
12657,6
21657,6
3368,6
6508,7
8569,7
14306,6
2628,10
28416,6
814,7
15886,6
24911,5
24598,6
6618,10
19417,6
27420,6
4020,3
15438,7
20147,6
18869,6
14451,10
20230,10
24443,6
9163,6
26213,6
20409,6
22392,6
17782,6
12043,6
13909,6
10788,6
4955,7
4407,3
7823,7
4234,8
5060,7
21158,5
28782,6
21987,6
2764,7
4756,7
9561,7
7425,0
6221,6
17418,6
15445,6
28024,6
12415,6
6900,10
20066,6
7070,7
22878,10
28990,6
18950,5
26736,5
14564,6
25875,5
23975,6
17167,6
9782,7
21137,6
27115,5
14432,3
16483,7
15096,6
21935,6
2242,7
26559,5
16835,10
11371,6
24750,6
13818,6
14526,6
21613,6
14188,7
8498,7
27476,5
23160,6
11804,10
17417,6
21728,6
8005,3
26567,6
21094,6
4836,6
7192,8
11706,6
6319,7
16843,7
7930,8
20318,6
7113,3
10112,6
15354,6
16435,10
28347,6
25639,6
5954,6
12807,6
28515,5
673,3
28697,6
22608,6
12913,7
27099,6
5196,7
21105,6
17963,7
16691,7
17728,6
17467,7
4746,8
28848,5
20639,6
26082,6
21209,6
365,8
13881,3
6754,6
12065,6
10235,6
25969,6
271,8
26253,5
11721,3
18643,6
17341,7
20653,6
13935,7
13269,6
15893,2
12935,6
4601,7
8661,6
20048,5
5101,8
13504,3
28145,5
23997,6
9599,10
10517,7
17730,6
1918,7
22062,10
21153,6
24505,6
16033,5
21432,6
9279,7
25012,6
7926,7
6330,3
23902,6
7286,6
12606,6
8476,6
12895,6
3984,8
22473,6
5003,7
25624,6
3010,2
13970,6
23163,6
15827,6
20839,6
11748,6
11582,6
3061,8
16909,5
11007,6
28283,6
24046,6
27602,5
13691,6
4110,6
22861,6
22565,7
10976,7
579,7
2174,8
24172,6
13567,7
9384,3
28448,5
5227,7
23141,6
16301,6
9179,8
21573,6
1466,8
2700,7
20826,7
15360,6
7692,9
11528,6
8456,10
31,7
24266,6
28244,5
1064,7
18746,6
18143,5
23569,6
26365,6
26945,5
7509,7
17835,6
10458,6
13586,6
24175,6
4502,7
23691,6
14366,6
23219,6
29161,5
4559,7
16501,6
16267,2
26379,5
6160,6
15917,6
11074,3
15269,6
8328,3
19180,6
13645,10
14187,6
26049,6
16243,6
18781,10
18062,6
8920,6
4394,8
3623,7
27217,6
7245,7
17653,7
19505,6
28267,6
5486,7
28302,5
17755,10
392,8
5577,6
24160,6
4655,8
14357,6
13466,3
19673,6
24000,6
7521,3
27143,6
3982,8
8459,7
26842,5
20012,6
23940,6
8215,7
29109,5
25557,6
12880,6
1104,7
11655,7
21678,6
2478,8
12158,7
20353,6
2040,3
23686,6
12438,6
11754,7
2171,6
26336,6
26282,6
27859,5
5690,7
21967,2
2320,6
13608,6
22264,6
17008,6
28353,6
10265,10
14438,6
26674,6
21479,3
22347,6
27212,6
16317,6
563,7
27595,6
8956,7
7343,6
3013,6
1590,8
28197,5
11950,6
3645,7
21195,3
5733,3
21954,6
6542,7
3938,8
26601,5
14113,6
8466,7
20246,6
28205,6
28465,5
29199,6
13837,6
28905,6
1383,10
2546,7
26984,6
1569,7
17771,6
13494,6
26005,5
26734,5
19005,6
20585,6
24162,6
23549,6
7065,3
26118,6
8258,8
13600,7
14737,6
14516,6
28534,6
7994,8
6999,3
26797,5
23911,5
16450,2
4728,8
7497,6
7375,7
4080,6
11996,6
11068,6
28912,5
7145,3
6363,7
5427,7
1375,6
7152,6
24856,6
17430,6
629,8
6327,7
5972,8
27577,5
26584,5
3000,8
28019,6
14169,10
13255,6
8159,2
22216,6
25830,6
7441,6
2673,3
11842,3
6661,6
12035,6
26093,6
15650,6
26546,6
5236,3
17540,6
15210,7
2533,7
16523,6
22225,6
6335,3
19545,6
19773,6
23552,6
16031,6
5746,7
21936,6
14372,3
14312,2
5128,6
16900,7
17066,6
19022,6
6255,8
14805,7
19764,6
1257,7
27405,6
24821,6
20886,6
1815,3
6086,3
12375,3
4172,3
14517,6
15761,6
2615,6
1507,2
12361,8
28021,6
18824,9
27402,6
12422,10
27734,6
10398,7
118,6
2458,7
5532,6
11840,6
26062,6
6229,6
17589,6
27372,5
1777,2
18337,6
20288,6
18194,7
19008,6
12082,6
21486,6
13467,3
26150,6
2395,2
27502,6
29012,5
16348,6
148,7
27791,5
26712,5
9219,9
13181,6
2071,7
5449,7
15756,6
15485,10
10670,7
26914,5
8783,9
11019,7
26495,6
16167,6
19253,6
12564,6
16485,6
19947,6
12409,0
16513,7
1943,7
24021,6
28756,6
5470,3
10882,7
2035,7
382,3
1109,8
21228,6
20419,6
20060,6
3638,7
11678,6
18907,6
7957,3
4745,7
2674,3
14129,7
5663,2
22066,6
26075,6
17962,6
683,7
10564,8
8888,7
24128,6
26979,5
14258,6
1904,7
24260,6
12852,7
12484,6
20738,5
23271,6
26820,5
10609,6
17180,6
13928,2
13621,6
21703,6
3349,10
22988,6
24574,6
21873,6
21650,6
11339,6
24759,6
20161,6
21802,6
13753,7
25458,5
907,7
3815,3
19886,6
5214,6
24770,6
19705,6
19244,6
15636,10
25984,6
18250,6
24137,6
28325,5
6654,7
19463,6
13180,6
23306,6
3360,6
13959,6
12910,6
20709,6
15076,7
21888,6
13250,6
4497,2
1401,7
17226,6
5595,7
6329,6
6887,7
10943,7
7603,7
20805,6
702,8
2054,8
28011,5
23633,6
19525,6
24485,6
23536,5
2195,3
5444,7
4786,7
7614,7
12418,6
6565,6
22486,6
17280,10
1817,7
28822,6
26749,6
9894,7
26519,5
29127,5
2124,6
21626,6
24835,6
10028,6
14506,7
14272,0
18110,0
20789,6
16565,3
4331,7
6026,7
23374,6
16542,6
7870,7
9815,3
13093,7
10736,0
17784,6
23551,5
17840,9
16116,6
28693,5
9615,3
25799,6
28762,6
2021,3
21743,6
21150,6
24795,5
9422,7
13515,6
15962,6
28226,5
21504,6
21174,6
29057,5
12511,6
864,6
28097,5
2661,8
14238,6
24979,6
27176,5
24898,6
22741,6
26963,6
925,8
27051,6
4637,7
9240,3
17747,7
10659,9
9311,7
13061,3
20392,6
21831,6
13802,6
5521,6
26815,6
15315,7
23113,6
11495,6
27668,6
716,3
11905,6
27951,6
27392,6
24277,6
13832,6
16891,5
18384,6
18350,6
15964,6
15187,6
17645,6
16840,6
24678,5
5902,7
17438,6
1678,8
25297,6
22911,6
8787,8
25386,6
19599,5
19654,6
9574,7
14540,6
15461,6
11743,6
24396,5
16065,2
13889,6
816,8
28602,5
1571,7
15703,6
20177,6
9437,7
20628,6
15449,3
20492,6
1718,3
19055,3
19995,6
4563,8
11604,6
16415,6
20529,6
23112,6
27485,5
15887,6
25872,5
27516,6
15766,6
21450,5
14325,6
14327,6
27286,6
13039,6
5345,6
8268,5
27631,5
14769,6
15744,6
22109,6
12454,6
16069,6
24120,5
7983,7
930,7
22726,6
18835,6
18956,6
3104,3
23303,6
18665,6
8190,3
2648,6
17592,7
23365,6
26948,5
11876,7
21162,6
427,8
16699,6
15770,6
23613,6
24570,6
23660,6
12017,3
4481,7
21273,10
15809,7
26156,6
4569,6
19566,6
6723,3
18442,6
1181,8
3699,8
25160,6
23293,6
16862,6
28141,6
28544,5
6603,7
1949,6
20469,6
1453,3
15681,6
12243,6
27083,6
6982,8
1258,3
6473,6
14047,6
25507,6
27245,5
15028,6
4402,7
10254,6
856,7
20869,6
3835,7
14832,3
14416,6
28173,5
2408,6
24727,6
23490,6
4980,6
28377,5
15327,6
13651,6
15872,3
6388,3
19424,6
8737,6
7718,7
27121,5
12226,6
8073,7
22840,6
17272,5
20851,6
18501,6
6863,8
18157,6
15548,6
17106,6
7243,7
5020,7
17959,6
10812,6
1788,6
19865,6
16279,0
3124,8
2888,8
26648,6
2454,8
26938,5
26974,5
5634,10
14897,6
18144,5
23282,6
20999,6
27757,5
4822,6
26044,6
24844,5
2588,7
7201,7
4950,8
12159,6
23216,6
26827,5
17021,6
4083,7
16825,6
7308,7
22602,6
22659,6
4526,7
15178,6
16750,6
17307,3
1006,7
10479,3
27958,6
18213,6
11386,6
27249,5
6404,7
25578,6
27314,6
18449,9
1180,8
10302,6
26804,5
8540,6
26542,5
20397,6
18468,6
13712,6
28206,6
13943,6
18276,6
25883,6
6227,6
21918,6
15017,7
18407,6
19386,5
28031,5
24950,6
12168,6
19857,6
18324,6
12031,6
24177,10
12179,2
17664,6
5215,8
20537,6
12198,6
5456,8
16820,6
15123,7
24410,5
21200,6
18309,7
29128,6
24739,6
6522,7
25153,5
24139,6
11602,6
25630,5
28957,6
23377,5
18057,6
10982,6
4265,7
11409,6
8189,8
13885,6
15530,6
22150,6
17114,6
24589,6
8394,7
14746,2
21765,6
25093,5
1727,7
12862,10
15923,7
15965,3
8970,7
26978,5
7435,8
3507,7
20262,6
19846,6
23696,6
10241,7
6224,8
4404,7
14903,6
11085,6
11533,7
24455,6
11563,3
22402,6
8659,10
7623,7
22475,6
917,10
16786,3
29100,5
28920,6
22873,6
27163,6
28704,6
2391,8
6578,6
9734,7
22305,6
6871,6
14731,6
13205,6
26437,5
9139,7
6045,6
6412,7
25692,6
20588,6
28580,6
12117,6
5211,7
28529,6
17876,6
21115,6
3527,3
3443,8
28930,6
17093,5
26508,6
18130,6
15657,6
23768,6
959,2
18569,6
20125,5
2492,7
24364,6
7336,2
5780,7
10915,9
18782,10
21799,6
15347,6
19111,5
28370,5
12890,6
19644,6
16064,6
6356,6
21034,10
20085,6
13528,6
12286,7
8413,6
24305,5
17261,6
19611,6
10529,3
7523,6
23755,6
15323,7
7896,3
20584,6
23742,6
24809,6
15322,6
10498,7
22716,6
794,6
5986,7
25190,6
27861,0
8901,7
17882,2
25599,6
9843,7
14389,3
9700,6
14549,6
21128,6
28342,6
22706,6
5473,8
23388,6
29201,6
21416,6
23208,0
9451,7
15653,9
22495,6
26002,6
4701,7
8277,6
12357,6
12463,6
24187,5
26782,6
5069,0
4824,3
5308,7
2987,6
24707,6
27766,5
19168,5
1887,7
24815,6
13291,9
18777,6
27933,5
381,7
20536,6
18139,5
17350,7
23495,6
8359,10
22632,6
20480,6
24544,6
26650,6
14075,7
28120,6
16778,7
14409,3
26555,6
15651,6
25271,6
2161,8
12697,6
23045,5
17666,5
14354,6
15910,6
18418,6
17102,6
25573,6
698,6
6751,7
28536,6
21960,3
2428,2
21424,6
10655,3
17783,6
20403,6
10575,7
23546,6
2537,8
21184,6
26745,6
13398,6
862,7
13819,7
22517,6
9386,7
28089,6
27490,6
22119,6
14876,6
12072,3
23378,6
46,7
24590,5
20681,6
25055,6
7055,3
10350,6
18322,6
24796,6
21772,6
4758,7
13183,6
20833,6
1647,7
17281,6
6577,6
2450,3
24231,6
8253,9
22848,6
25232,6
19972,7
21492,6
24448,6
22108,6
11679,6
6185,3
15075,6
17288,6
10572,3
6959,6
12914,7
4547,7
20627,6
28736,5
20570,6
7876,7
13409,6
14646,6
7417,7
25755,6
28066,6
27192,6
10047,8
28568,5
23464,5
26800,5
4558,7
13007,3
13862,6
4444,8
8640,6
19796,5
25378,6
28723,6
12253,3
21429,6
322,8
13591,6
6917,7
428,7
17403,6
22625,6
12533,6
28117,5
4401,7
5485,7
24581,5
1629,3
4391,8
17536,6
2433,7
20903,6
27561,6
15666,6
7832,7
14041,6
27804,5
27620,6
4320,7
20389,6
23697,6
4890,7
1653,7
17829,6
28304,6
18142,6
26858,6
2675,2
23657,6
79,6
11663,8
1438,2
3218,7
8934,10
25595,6
13129,6
27963,6
8335,7
25370,5
7473,8
26129,5
1584,8
12553,7
27765,6
22948,6
21462,6
16705,6
17714,6
12563,7
25343,6
29085,5
22698,6
9316,5
1480,7
11448,6
3199,8
20078,6
12651,6
5507,8
8647,6
1846,7
28682,5
11523,6
26465,6
17476,6
330,7
19197,6
6457,3
27273,5
18460,6
20122,6
9790,2
20932,6
10027,6
4210,3
10895,7
20968,10
27605,6
16569,6
10759,10
10971,7
798,6
1186,8
20124,5
3665,5
25347,6
26266,6
19036,6
4041,0
4995,6
3625,6
5719,2
28836,6
19229,6
7369,2
11870,6
5618,6
5897,8
14220,2
9663,7
25201,5
9533,7
26280,6
3943,7
17289,6
17372,9
14046,8
15814,0
19219,6
11355,6
11553,7
264,7
19786,6
11550,6
17335,6
8756,7
8234,6
934,7
1101,7
21010,6
4992,6
17293,6
16250,10
26382,5
26789,6
7593,7
19060,6
25282,6
15891,6
8836,6
13690,8
25484,5
20579,6
9017,7
18791,6
7380,8
16518,6
8267,6
9638,3
24005,6
7754,7
23909,6
25123,6
20950,6
18647,6
18233,6
20212,6
26492,6
4183,2
6758,7
15605,7
3593,7
2154,7
5098,3
23317,6
5589,3
25237,6
4590,6
22358,6
26962,6
18163,6
9704,3
17717,6
25898,6
11345,3
25551,5
4685,7
13024,7
9452,6
14625,9
1535,7
28774,6
10035,6
15950,10
5010,6
2952,7
6547,7
17368,6
7427,7
2072,7
404,8
6615,6
4243,7
22939,6
12696,6
24660,6
6637,8
1778,2
23143,5
13686,7
18176,0
15490,2
2526,8
11086,2
22028,6
5016,2
26230,5
17826,6
22804,10
18413,6
14598,6
18308,6
18134,6
28628,5
9650,6
26781,6
22749,5
9113,7
24335,6
15029,7
3483,7
5458,7
2693,3
14551,6
16194,6
5344,7
12956,6
26999,6
20460,6
20793,7
18467,6
29190,5
1207,7
2778,7
10889,7
15719,6
25904,5
15549,6
16234,6
7698,6
1287,8
17328,6
3792,7
5021,6
10782,3
6124,3
23900,6
2297,7
8136,6
12604,6
7498,7
23093,6
11890,3
93,6
28715,6
20421,9
6459,7
2358,3
4052,7
25028,6
27995,5
1414,7
13704,6
15344,6
19994,5
19617,5
13303,6
7586,6
24383,6
17194,5
4476,6
1497,8
19116,6
21484,6
24337,6
11552,6
25422,6
20963,6
15304,6
8431,3
26008,5
23709,6
8963,7
9994,8
21336,6
20611,6
11109,2
3618,8
24336,6
1684,3
14298,7
828,2
29086,5
19502,7
7472,6
18852,6
7027,3
18557,6
10924,7
27421,6
27614,6
27190,6
28181,6
14494,6
16237,6
3472,7
12086,8
17642,6
19676,6
4935,7
26785,6
10885,7
604,8
26573,5
1467,7
1703,3
20976,6
27707,5
19711,6
23091,6
8916,6
7395,3
19990,7
22637,6
17894,6
16504,6
20828,6
14824,6
28694,6
18060,6
18761,6
8045,2
26810,5
22176,6
9186,6
10250,6
18385,6
12836,7
26672,6
4736,7
3540,6
5349,7
23588,6
25276,6
1036,8
12334,3
22548,7
25069,6
15830,6
25476,6
18715,5
20297,6
24818,5
15749,10
28282,5
4719,7
21091,6
23656,5
28975,6
23528,5
28427,5
20576,6
26801,5
13101,3
22583,6
14732,6
13956,7
3148,3
27220,6
642,9
4082,7
2110,7
28511,6
5388,6
18812,6
4922,2
5175,7
21191,5
17584,7
20053,6
5651,7
7653,7
18694,6
22146,6
9385,7
17937,7
14844,6
22579,6
16670,7
17752,10
4212,3
12053,8
26143,6
14031,6
27527,6
229,7
22193,6
25121,6
29105,6
3040,3
3534,7
8938,9
26604,6
7020,7
5649,6
741,8
12385,6
16337,6
1726,7
1750,6
27199,6
16810,6
25326,5
5395,7
10571,7
590,3
26643,6
11453,6
16609,6
18377,6
624,7
21937,6
6139,3
6735,6
14403,6
19648,0
21226,6
2747,6
6606,7
2140,6
8692,3
4318,7
27338,6
19754,6
22823,6
7391,7
18493,10
2522,6
13811,6
14651,3
7440,7
11819,3
9460,7
23646,10
14983,9
23945,6
7612,6
27446,6
6874,8
7814,3
11043,6
12907,7
29129,5
25706,6
1386,8
28732,6
18880,6
7455,7
9448,7
20018,6
13619,6
21434,6
3764,3
20525,6
2698,7
26719,6
21365,6
25709,6
29225,6
26634,6
27196,6
5784,8
28161,6
21705,6
8833,6
2483,2
12646,9
17478,5
16809,6
4855,8
17469,6
25810,6
19251,3
6613,7
16424,6
11378,9
26924,6
24650,6
23138,5
2078,7
27745,6
24496,5
26346,6
2410,7
21134,5
15828,6
25489,6
1372,7
18254,6
855,8
26175,6
10169,3
16608,6
22259,6
25453,6
15407,6
21551,6
26042,5
7178,6
1648,7
19825,6
14514,3
25446,6
7918,8
13251,6
27272,6
25440,6
18406,6
22331,6
27767,5
8721,7
10928,6
23606,6
4548,8
14800,6
4916,8
749,6
12679,10
24441,6
19915,10
12262,7
882,3
6034,6
24776,6
8725,9
8168,7
1252,8
19447,6
14172,6
19196,6
18675,10
1029,7
27133,6
27983,5
23710,6
17283,6
28855,6
12254,3
27718,6
26993,5
2289,6
26756,6
1864,6
9791,6
4538,7
24931,6
23934,6
27475,5
27720,6
25128,6
18752,6
13960,6
2555,7
15,7
7461,7
27206,5
24836,6
8447,6
8437,7
8978,7
9357,9
2415,6
5623,7
2738,7
25313,6
27880,5
3255,7
10342,8
8983,7
21926,6
18923,6
14080,2
24011,6
9651,7
7573,5
5983,7
24449,8
6799,6
19710,6
446,7
25596,6
15184,3
923,7
26043,6
10608,2
19312,9
19761,6
24071,6
21446,6
7548,7
19932,6
7635,7
23658,6
12561,6
6879,7
4579,8
7167,6
15408,6
11992,3
24810,10
27017,6
8036,2
18749,6
16927,7
20394,6
29083,6
6104,7
27511,5
14750,9
1277,8
2921,6
12771,3
9117,0
13091,7
10046,3
19227,7
11816,6
5887,8
8775,10
19444,6
19308,6
18185,10
15276,7
4861,6
13625,0
4981,3
28660,5
12687,2
3323,7
9347,6
7545,7
21376,6
26891,6
5376,7
750,7
28467,5
22139,5
26702,5
2498,8
26469,6
23261,6
9446,6
20906,6
9343,10
11850,6
5558,7
28550,5
27869,6
5077,6
5640,7
3504,7
12215,7
13298,6
1650,8
28196,6
3340,3
28086,5
8832,6
7287,6
11346,3
13493,6
24321,6
21669,10
22417,6
12954,6
27601,6
20809,6
534,7
24910,6
24888,5
144,7
26727,0
12029,3
15954,6
5638,6
22996,6
22080,6
292,7
18886,6
28520,6
275,7
4276,7
12416,6
7932,7
11320,2
2788,8
21907,6
15710,6
15508,6
17249,6
2724,8
21931,6
1495,7
28522,6
6720,3
405,3
18510,5
7968,3
21955,7
7887,3
24334,6
7602,6
12672,6
26640,6
18925,7
9016,3
17183,6
13152,6
835,8
19661,6
12860,7
3301,7
15011,6
4747,7
13576,6
25918,6
12965,6
16819,3
17332,10
27465,6
19967,6
9220,6
21944,5
20461,6
10755,3
5823,7
18338,6
15563,6
23609,6
7021,7
26140,6
1171,3
17702,6
25518,6
28187,6
9109,3
13653,6
16629,6
22031,6
16591,6
24145,6
11412,3
6612,3
28321,5
8882,6
6526,6
12406,6
21159,7
887,7
14828,6
13353,6
24579,0
17924,6
17387,6
8380,7
14471,6
2574,3
4477,6
18287,9
447,7
13030,2
18832,6
19050,6
4213,6
24612,6
8302,6
23809,6
17997,6
13018,6
12676,6
27085,5
25414,6
7134,6
21426,6
7874,6
27879,6
27394,5
13077,6
10485,10
13841,3
20772,6
164,7
12273,9
9475,7
15600,6
24049,6
5670,2
19834,5
25471,5
1265,7
2686,7
19637,6
18542,6
6007,6
16492,6
5410,6
8844,6
17159,5
6039,9
18318,7
25258,6
3817,7
10351,6
21348,7
10268,8
25713,6
2329,7
15035,6
19046,6
7124,6
18822,6
26795,6
27755,5
1206,7
2034,7
22539,6
18526,6
22884,6
10509,7
15619,7
18514,10
8865,7
22405,6
1819,7
23481,6
26415,5
28978,5
16198,6
18492,6
23821,6
18014,6
12705,3
12133,3
12892,6
21251,6
666,2
1081,6
22121,6
17493,10
27651,6
24064,6
13530,6
23103,6
24758,6
7131,6
26314,5
11856,3
27849,5
2429,7
27400,5
20962,6
5866,6
11723,2
24331,5
25493,5
18105,6
6296,7
4612,3
29076,5
25367,5
13512,3
21252,10
28298,6
18565,6
14365,6
10171,7
27404,6
22789,6
12496,6
12905,2
6862,8
22086,6
27260,5
18034,6
17984,6
22764,5
23347,6
28335,6
4134,7
9741,6
19675,7
28714,6
7342,7
5644,8
20613,6
19533,6
24097,6
11501,6
1910,7
22809,6
9287,6
23453,6
7090,6
3882,8
11112,8
27327,6
23766,6
16649,6
19395,6
18270,7
7061,10
17812,6
22987,6
17367,6
26190,6
25677,5
8627,7
22256,10
25374,5
19094,6
7574,6
22013,6
23250,5
19795,5
27024,5
12255,6
26424,6
24932,6
23367,6
8046,8
738,9
28121,6
18639,6
20502,6
3862,7
28867,6
11993,3
5655,7
27978,6
1565,8
13216,6
7039,6
5116,8
22061,6
3841,8
10421,3
12927,7
6576,6
6402,7
25525,6
16335,6
6422,8
20279,6
12464,6
2203,7
21311,5
25040,6
17979,6
28587,6
26609,6
7153,6
9719,6
15511,7
14878,7
27572,6
20642,6
22835,6
27103,6
24933,6
16804,5
20885,6
27325,6
14691,3
5622,7
12120,3
25447,6
15826,5
11510,6
13803,7
8449,6
27626,6
18184,0
28913,5
5362,8
2442,0
20457,6
22665,6
27691,6
24912,6
22978,6
28626,6
5259,6
7566,6
11076,6
695,7
8641,6
13786,6
3942,8
23507,6
891,3
26463,6
5932,3
4192,7
28375,6
15698,7
12267,7
3529,7
25391,6
23434,6
14572,6
73,0
17030,6
6676,6
6088,8
16153,10
13695,6
28621,5
23798,6
18857,6
6763,7
18360,6
4252,7
23509,6
27836,5
21966,6
28475,6
3939,3
20996,6
23274,6
19793,6
774,3
20196,6
9399,2
18271,8
3636,3
6701,8
10002,6
17502,6
28578,5
9344,10
15033,6
3354,0
6066,3
7392,7
20842,6
12854,6
28996,5
28073,6
13428,6
3001,8
7171,6
944,8
2201,7
28562,5
28667,5
28199,5
4000,7
24889,6
21032,6
23483,6
5518,7
14349,10
15414,6
14112,7
21735,10
22639,6
26430,6
26020,5
26388,5
15629,6
8324,3
15066,6
8781,6
2676,2
14959,2
8430,6
26496,6
17455,2
19801,6
20786,6
636,6
12629,6
19981,5
23944,5
21714,2
24576,6
26639,6
3683,2
18797,6
17096,7
3176,2
674,3
9693,8
8243,7
15807,6
19062,7
19335,6
21555,6
20539,6
8861,6
17667,6
10844,6
21454,2
22612,2
6585,6
10374,3
8313,10
16644,0
27870,6
24705,6
9608,7
1770,8
15012,6
9453,6
27612,6
3824,6
7482,7
23674,6
4828,3
23995,6
15127,3
27846,6
26092,6
26426,6
23277,6
13430,3
12331,8
813,7
13330,6
5672,7
26541,5
27641,6
6015,7
17092,5
28936,6
8423,7
2012,6
20149,6
9664,6
14000,6
4335,7
18798,6
13253,10
24412,6
20808,10
4228,3
13056,7
24467,6
15311,6
19934,6
24320,6
5067,6
25736,6
717,6
18659,6
27800,5
17541,6
21847,6
21180,6
23961,5
16278,6
11554,6
28193,6
1644,7
3805,7
16251,10
12936,9
22898,6
20304,7
25600,5
1527,7
27183,6
4542,7
766,3
28737,5
27648,6
14027,6
8748,7
9610,3
3449,3
1170,7
8828,8
26068,6
19868,6
7756,6
2146,3
12544,3
15562,6
18381,6
25539,6
25211,6
25385,5
18943,5
10588,6
251,9
10845,6
12459,10
4398,7
27268,6
23075,6
18738,6
3222,8
17786,6
21991,6
27098,6
25346,6
20767,6
6625,6
16012,6
13743,6
1266,8
5796,8
18823,5
7883,6
16246,6
20949,6
29195,5
26796,6
12642,6
2135,6
1890,7
23394,6
26537,6
21086,5
7881,8
26267,6
1963,5
12978,6
13580,6
17936,7
16784,2
18186,6
22690,6
20034,6
25294,6
24866,5
24136,5
26866,6
27267,6
2539,7
4459,3
28065,6
15385,6
19292,6
20548,6
11161,6
24745,6
9060,6
14710,6
27202,6
25472,6
10675,7
25317,5
25192,6
21488,6
7565,6
5350,7
27466,6
377,7
500,7
1102,7
27375,6
7898,6
25741,5
12736,7
27008,6
4872,8
19743,5
19943,6
2913,3
28243,5
22210,6
19656,6
28059,5
27987,5
17992,3
18819,6
27703,6
25553,5
18356,2
11029,6
21187,6
2671,7
7744,6
7739,6
14275,10
13429,3
15949,6
3111,0
29032,6
18135,10
4887,6
1875,8
22129,6
16080,6
3284,7
12186,6
27393,5
4150,3
18742,10
3418,2
16331,6
28179,5
19520,6
13994,6
3422,7
15888,6
22959,5
19713,5
20327,2
11605,6
877,7
28240,6
2274,7
24033,9
20197,6
1128,7
19580,6
11069,7
21148,6
29150,5
25369,6
8810,6
24994,6
26279,6
18818,6
28603,6
20035,6
7033,7
28895,6
27178,6
28769,5
21736,10
17416,2
11646,10
29177,5
20371,6
28571,6
21205,6
6870,6
5176,7
8555,7
22882,6
12999,6
11983,6
13839,6
24503,5
14997,6
2958,10
2558,8
14050,6
24504,6
22918,6
26539,5
9303,10
9627,6
24181,6
27306,6
27973,5
15644,6
24613,6
26806,6
3348,8
12257,6
14318,6
10783,3
1631,8
21834,6
3585,7
5441,7
24837,5
20616,5
28051,6
25439,6
24827,6
25962,6
9300,3
28451,5
28349,6
3968,7
17995,6
28314,6
29216,6
27040,6
9292,7
7544,7
20545,6
24010,6
26972,5
18606,6
25191,6
2682,7
15260,6
13408,10
5043,3
18964,6
25035,6
27054,6
21351,6
24466,6
5692,7
21013,6
4670,3
2607,7
26083,6
10581,6
11741,6
21104,6
16444,6
3431,6
11153,2
13051,6
5139,2
15489,6
3219,8
10799,6
6297,7
28291,5
10067,10
4664,6
15948,6
18957,6
9923,6
457,7
3458,7
27458,10
4376,7
2914,6
13640,6
9182,2
22302,6
28483,6
18519,6
26377,6
23364,6
26387,6
29180,5
2141,7
22924,6
7529,7
27132,6
10409,6
16097,7
14281,6
13806,10
12012,7
9941,8
22649,6
20802,6
26968,5
7840,3
15005,6
28158,6
17044,6
18522,6
11814,3
27508,5
10733,7
22834,6
23703,6
16306,9
18975,6
27449,6
22187,6
24816,5
5914,7
15036,7
26203,5
22648,6
28943,6
16411,10
18988,6
27984,6
25831,6
24235,6
24730,6
20814,6
24450,8
21036,6
1573,7
11138,6
12333,6
25345,6
26366,6
19167,6
4516,10
17751,0
16426,6
2739,2
22175,0
23535,6
460,7
818,6
26198,5
19320,5
20176,6
13650,10
6704,8
1079,10
27542,5
12396,6
5459,7
27584,6
15958,2
1323,7
26446,6
12214,6
16593,6
1649,6
5732,6
5679,3
17964,7
14458,6
25365,6
13488,6
28466,6
11874,6
20575,6
6122,8
4702,8
25561,6
1088,6
27881,6
21833,6
10939,9
16709,7
11279,10
7032,7
21345,6
6087,7
18430,6
15643,9
8907,7
17759,6
23482,6
24273,6
10618,6
28835,6
16715,7
5472,8
13276,6
21880,6
1522,6
16410,6
25241,6
11722,6
9740,7
6965,6
18730,6
23429,6
4881,8
20047,5
10158,6
23132,6
5547,7
28579,5
25865,6
16965,0
28237,2
10156,6
1517,7
15892,6
25139,5
5636,7
24099,5
7837,6
24186,6
21553,6
22474,6
18512,10
25910,6
4266,3
8108,7
26337,6
25319,6
26176,6
21363,6
27506,6
17696,6
28218,5
14880,6
7969,6
16803,2
29183,5
23265,5
4472,6
5234,8
26181,6
7821,6
25454,6
19388,5
19842,6
8140,6
212,7
8176,8
11786,6
22240,6
14456,6
7469,6
10582,7
20546,6
16110,10
6112,6
12180,6
6423,6
20370,6
21367,6
22154,6
13902,8
3695,7
9413,5
8929,6
8154,8
6793,8
12655,6
15379,6
18216,6
9121,7
21428,6
22584,6
22812,6
27888,6
28402,6
28053,6
8171,8
8878,7
28596,6
8982,6
6236,7
3660,7
21790,6
64,6
15585,6
28264,6
6898,3
6561,3
11185,6
22856,6
19408,6
17049,6
17912,10
19161,6
24633,6
2056,8
11187,2
25670,6
6182,7
27650,5
5578,6
3163,8
5313,8
25324,6
19555,6
21894,6
10548,7
1024,7
25821,6
25290,6
25579,5
10791,3
25631,6
13912,6
25368,5
21590,6
4634,6
18061,6
6998,3
16433,7
12520,9
23083,6
22802,6
28426,5
8212,8
626,7
173,6
16459,6
14866,6
17818,6
20406,6
9780,7
28559,5
21623,6
3314,6
12131,10
22208,6
16494,6
9035,2
12716,0
2052,7
14509,6
1378,7
26254,6
21925,6
15661,7
357,7
4105,7
19897,6
17340,6
3220,9
8228,7
25817,6
14235,6
5834,6
29132,5
2927,7
17917,6
12934,6
14888,6
10851,7
14140,6
23642,6
28597,6
1366,8
20621,6
24427,5
6840,6
10559,7
14322,6
13444,6
257,6
3359,6
6409,6
27787,6
15255,7
8432,10
15245,6
14638,6
17466,6
22839,6
1840,7
25500,6
14380,6
24738,6
2978,7
22067,6
10599,7
1364,7
26752,5
6554,7
21221,6
11714,7
2392,7
5849,3
15416,2
14117,3
4875,3
10727,7
8489,7
14685,6
15057,6
22196,6
26951,6
3077,3
28328,6
20195,10
16908,7
20380,6
28144,5
25062,6
994,0
12051,6
17576,6
9481,6
17779,10
21755,6
5917,8
16334,6
16845,6
28164,6
605,8
26830,5
9278,10
19426,6
26031,5
20732,6
21503,6
27255,5
15711,0
22494,6
16707,6
12632,6
19156,6
28476,6
11556,3
27188,6
13279,6
5806,6
24276,6
10613,3
25102,5
26953,6
26919,6
27058,6
20965,6
27355,6
25136,5
17610,6
12490,6
23527,6
6458,7
1242,7
7779,7
3878,6
556,7
16656,6
16817,6
29186,6
16901,2
10207,7
24724,6
4418,6
12637,7
27606,6
24764,6
20815,6
20099,6
6783,6
23903,6
4311,6
1345,8
25401,6
1087,8
5191,10
27185,5
18361,6
23026,6
6878,7
7829,7
22127,6
26487,6
3666,6
9284,5
12351,6
26142,5
23269,6
24630,6
16936,0
28246,6
10654,3
27292,6
18228,5
17832,6
9485,7
17009,7
6791,10
4494,7
20388,6
22876,6
11920,7
1886,7
28014,6
27531,6
4718,7
15182,6
10714,3
1322,8
13295,6
15603,10
1357,6
3067,8
14247,3
4416,6
3844,6
28326,6
18587,6
3523,7
15205,3
2640,3
17497,6
23257,6
12201,6
4147,3
9535,3
22433,6
15947,6
25060,6
28997,5
28076,6
25015,6
28428,5
22457,6
13973,6
27798,6
12793,6
19313,6
28461,6
26603,6
13328,6
27244,6
742,8
10214,3
8102,7
24489,5
14066,6
21418,5
7129,7
27065,6
28367,6
23695,5
25585,6
17507,7
27930,5
17517,6
1896,6
28271,6
4190,7
18669,0
28050,5
21214,10
20559,6
16296,6
27816,6
7000,8
10626,7
7953,7
23324,6
22346,6
18018,6
3777,6
6337,6
4998,10
16448,6
12515,6
26172,5
21451,6
24397,6
19396,6
11698,6
8551,7
27749,5
1762,3
24658,6
13130,6
28339,6
17688,6
12368,6
8553,6
28781,5
4415,7
25917,6
12688,6
11415,7
17377,6
25023,6
22806,6
28800,6
17578,7
11481,7
26447,6
9634,6
26306,6
18721,6
7699,7
6414,7
22275,6
26591,5
15901,6
27304,6
23173,5
801,8
24797,5
7778,3
12843,7
4221,7
11555,3
1957,7
3799,10
9647,6
109,7
18745,6
3266,8
28971,5
9394,6
19293,6
17071,6
25884,6
10109,7
10090,7
28188,6
16144,6
27737,6
15989,6
1425,7
23052,6
19494,3
7757,7
18368,6
25843,6
9164,6
16794,6
21116,6
7522,6
23778,6
1152,7
24230,6
28378,6
26211,5
9258,2
15359,7
26386,6
27753,6
105,7
19547,6
29019,6
23389,6
25896,5
4159,8
17440,6
20518,6
4588,3
20544,6
13413,7
7738,7
6133,8
17806,6
8726,7
18547,6
28235,6
3754,3
7481,7
12731,6
12192,7
1426,7
23663,5
3644,8
2231,7
5900,7
8895,7
25541,6
4152,7
15213,2
406,7
17313,6
5210,7
7261,6
8287,7
213,7
2306,6
690,6
8964,7
26757,6
27754,6
21582,6
27509,6
23205,5
27979,6
13288,6
27559,5
7388,3
10245,7
10989,7
7999,7
28662,5
21060,6
26651,6
25470,6
3910,8
5429,8
10639,6
26838,6
28934,6
14971,6
1038,10
25989,10
19322,6
18740,6
28338,6
27148,6
24859,6
10674,6
5212,7
5689,7
5353,7
13792,6
7288,6
20017,6
17161,10
17006,5
25580,5
8889,6
8068,7
14760,3
1961,8
6418,6
26501,6
26036,6
18068,6
15376,6
17359,0
28659,6
22662,6
12044,6
19704,6
28987,6
8852,7
2280,3
5944,7
91,2
11927,7
8808,7
12314,6
26554,5
23477,6
18868,7
16815,7
6383,7
17229,10
10743,6
25737,6
27153,6
20401,0
11776,7
28110,6
20216,6
14283,7
996,7
17646,6
12755,7
21473,2
2009,7
9192,7
13456,3
25829,6
15942,6
13122,7
3594,7
25072,5
17471,6
12077,8
1229,3
28849,6
15278,6
27385,5
9526,8
19366,6
15463,6
9086,5
16076,6
10399,7
19254,5
22547,5
10022,7
23729,6
13148,7
3767,7
25854,6
28944,6
17712,6
10754,8
5135,6
3868,8
15587,6
27100,6
28779,6
9560,7
2547,6
8634,2
27323,6
14745,6
26602,6
7404,7
27362,6
2051,7
23590,6
17986,6
21461,6
22994,6
27696,6
5341,7
11848,6
27437,6
13453,6
22470,6
10304,3
5807,7
10836,7
26862,5
22775,5
5170,6
24297,5
25916,6
22192,6
26301,5
26716,6
17767,6
21279,5
2357,3
3277,7
15111,6
16631,6
17656,6
20441,6
11942,6
26764,6
8501,7
9899,7
23342,6
2811,7
16338,6
22980,6
11118,3
1743,6
23255,6
17947,6
25371,5
4038,6
10204,6
14839,6
5479,7
1434,3
20452,6
24458,6
2461,7
21095,5
23158,6
12022,6
373,7
16758,6
18737,6
23270,5
436,7
12025,7
3325,6
28371,6
3195,8
27011,5
28676,6
5557,6
25240,6
23746,6
20067,10
23386,6
15252,6
894,8
28169,5
5065,6
3740,8
24405,6
10649,3
4744,6
9499,6
10881,7
14232,6
4775,3
26744,6
11664,10
1764,7
24914,6
26977,5
27214,5
7103,3
26264,6
6709,6
26478,5
19831,6
8821,6
25983,6
18976,6
21654,6
12315,6
26698,5
27022,5
11362,3
19959,6
2971,8
20340,6
26792,6
5928,8
13676,3
3479,6
26536,6
5302,6
4330,8
1424,6
28492,6
17246,6
22879,6
13188,6
7291,6
8371,7
7181,10
14062,6
8077,7
16283,6
27365,6
1998,10
7891,7
13797,6
22340,6
10205,6
26251,5
22345,6
10487,6
16979,6
15194,6
19205,5
17047,6
17191,6
13300,10
27636,6
11526,6
19136,6
6419,6
7328,6
2162,8
27948,6
7097,6
25891,5
19110,2
27831,6
17035,6
23017,6
5614,7
14286,6
25397,6
17594,7
7414,8
4853,7
10987,7
28310,6
12966,6
7225,3
7471,10
19541,6
17575,6
27920,5
6564,7
3081,7
25560,6
25794,6
11727,6
4148,7
10669,6
10641,7
10451,7
24259,6
19304,5
12455,6
12140,6
28168,6
9049,6
13784,6
27573,5
10611,3
29124,6
2807,8
12667,6
18989,6
22800,6
22342,6
10222,6
21542,6
13067,10
1505,6
6509,7
27156,6
18435,5
4395,8
7191,8
21439,10
23203,6
21742,6
23802,6
24946,6
15263,7
22008,6
8096,7
28432,5
10878,8
17908,6
15786,6
21970,6
17647,6
1440,8
24414,5
4507,8
11648,6
974,3
16923,6
9142,7
14474,6
12678,6
2363,8
27302,5
19280,6
10531,6
2843,6
25494,5
12167,6
27388,5
20135,6
15970,6
3374,8
22124,5
28847,6
14659,6
23390,6
24190,6
4153,6
22000,6
20045,6
576,7
16282,6
1371,7
1605,10
15477,10
18953,6
19874,6
15775,3
25487,5
17232,6
15226,10
26545,6
5934,8
15679,6
19061,7
24637,5
3992,6
26596,6
1592,9
21695,6
23758,6
13618,6
4274,7
22664,6
19473,6
9965,3
25895,5
17287,6
9252,7
25511,6
11774,7
10698,10
7629,6
10392,7
4127,7
7536,6
9134,7
11424,10
25027,6
26886,6
25834,6
20289,7
19092,7
17641,6
4077,3
24926,6
18937,6
9314,7
28959,6
27055,5
16719,6
16829,6
4015,8
9976,3
3554,7
268,7
26869,6
20444,2
1062,3
23046,6
18548,6
29095,6
16530,6
26747,5
21250,7
1318,6
27664,5
7262,3
14157,6
22348,6
4616,8
14921,6
23047,6
14163,6
26246,6
4928,8
21322,6
14709,7
20830,6
20540,6
4821,7
7281,7
20298,6
22170,10
19931,3
11919,3
24872,6
26670,6
18193,6
5937,3
5293,2
6641,10
28313,6
27418,6
1955,8
1506,7
17216,6
23297,6
2104,7
2257,2
28087,5
6346,9
23028,6
23920,6
24839,5
9403,7
25710,6
8526,3
7109,7
1805,6
375,7
25690,6
6351,8
22030,5
24819,5
9487,7
3823,8
3577,3
18511,10
19132,6
27847,6
4658,10
3272,7
20152,6
4326,8
28875,5
10899,6
26742,6
27154,6
10300,6
29207,6
5967,0
13769,6
10777,6
11831,6
4053,8
4495,7
19228,5
24164,6
10981,6
15110,6
22446,6
7117,6
8348,10
5713,8
28976,6
14290,0
18865,6
12030,6
28472,6
13468,3
26967,5
7546,7
17308,6
15038,7
7094,3
18533,6
24706,6
22718,6
17221,3
2727,7
206,2
8575,9
18090,7
26693,6
13340,0
8915,7
21969,6
4285,7
5513,6
17472,6
17631,6
6251,5
11794,7
15525,6
1706,8
29122,5
3144,5
29047,6
18672,6
24442,6
27758,6
16104,7
25902,6
20940,10
18864,6
27343,5
3913,8
15259,6
10826,8
962,7
8512,6
21412,6
7106,6
21870,6
23117,6
11699,6
22213,6
23514,6
12202,6
16176,10
6478,7
23901,6
8367,7
25508,6
16327,6
20717,9
24676,6
10190,6
13069,6
10160,10
8652,6
12537,6
21726,5
9048,7
1209,7
25229,5
4776,7
8987,6
13381,6
13957,6
1117,7
13486,6
23655,6
29185,5
28952,5
25698,6
5913,6
27968,5
7736,6
26689,6
20077,9
574,7
19739,5
54,7
5055,3
17192,6
20852,6
28540,5
5788,6
2451,3
6118,6
9269,6
22730,6
22369,6
24860,6
1423,8
35,0
17068,6
7685,7
21782,6
13192,6
6199,8
16366,3
26902,6
7686,7
17027,10
14319,6
25824,6
27845,6
802,7
2708,7
6761,0
9423,3
23044,5
26895,5
9982,6
29203,6
9227,7
28027,6
27733,6
28481,6
12425,6
27084,6
14697,3
28688,5
25818,6
21761,6
12565,6
8208,7
23842,7
10031,3
14799,6
17521,6
26730,5
1862,6
8873,3
12972,3
122,3
9402,7
8696,7
23310,6
20859,6
6085,6
344,8
14884,6
3952,8
6344,6
5094,6
27826,5
1735,8
8355,10
1841,7
5871,3
19307,6
23726,5
22895,6
3979,10
22925,5
7803,7
11792,6
25134,6
27748,5
24561,6
23718,6
20225,7
23224,6
14907,6
17491,7
21809,6
27658,6
10082,0
19458,6
19768,6
28741,6
20571,6
4468,7
23296,6
3342,7
2374,6
14693,6
17500,6
24508,5
25333,5
11863,6
18838,7
27954,5
22287,6
7397,3
10431,6
21860,10
20707,5
8156,3
16406,10
14007,6
12638,7
13,3
28146,6
18474,6
19980,5
10528,3
326,7
11871,6
2167,7
7652,6
28473,5
23076,5
16892,10
4899,8
19305,6
19364,6
16389,10
687,6
20361,6
28970,5
4231,2
22695,6
12032,6
26027,5
23064,0
14253,6
21625,6
11201,6
23893,7
25747,5
23632,6
24522,5
7869,8
300,7
4571,7
26572,5
23937,6
13001,3
10541,3
13137,7
8137,7
5130,6
74,0
15589,7
9000,3
12894,6
24970,5
3478,8
22821,5
24964,6
210,7
28406,6
26404,5
11229,6
4352,3
691,6
15462,6
12482,6
4640,8
23849,6
2970,7
25022,6
14836,6
7042,10
20589,5
17542,6
3376,3
18138,5
1579,7
15776,6
6947,8
12746,6
23102,6
19256,6
19448,6
26012,6
11997,8
13478,6
5957,7
16295,6
7218,3
14573,6
18304,6
12765,7
20651,6
23910,5
14923,7
17421,6
8421,2
26992,6
26284,6
5015,3
24644,6
22509,6
22676,6
22043,6
5787,8
13829,6
11445,6
12873,3
19470,6
27932,5
20151,6
2519,8
26070,6
26790,6
9912,6
25295,6
29213,6
24236,5
26113,6
13479,6
10861,7
8730,3
15505,8
14425,7
14364,7
11952,6
6040,0
20715,6
3321,6
23427,6
22667,5
608,7
8482,3
12356,6
8209,6
11800,7
6971,8
26065,6
27575,6
15615,6
9855,8
26840,6
23094,6
14244,3
1201,7
18081,6
1140,8
20620,6
1562,7
25482,6
14553,3
7015,7
21762,6
17969,7
13165,3
11529,6
12794,6
6886,10
27082,5
24340,6
27414,6
24555,6
17101,6
20897,6
15983,6
15105,6
11205,6
18383,2
12399,6
14611,10
28183,6
7985,6
10219,6
16838,6
19379,6
2505,7
12080,2
25832,6
12770,3
12324,7
20887,6
13782,10
23338,6
27023,5
7847,7
23839,5
14961,6
26385,5
26135,6
7844,7
25000,6
10184,6
1914,3
20095,6
24863,5
7280,8
15821,6
3794,9
17301,6
18760,6
9937,7
9063,10
10069,10
11676,6
655,3
3832,3
19823,6
21994,6
12141,8
5736,7
9408,6
5203,6
24221,6
2312,7
28692,6
17896,7
3613,2
15952,6
18702,6
12234,10
14588,6
14487,3
4138,7
23614,6
14927,6
77,7
27598,6
1580,6
28165,6
18916,6
17057,6
11536,3
99,6
10494,7
7831,3
3842,7
17437,6
617,2
14661,6
22412,6
10867,7
18240,6
10501,3
2881,7
4886,3
28112,6
7609,6
4611,7
11126,8
22788,5
11098,6
9495,6
17791,10
24425,6
8326,6
16876,5
14924,3
7396,3
26665,6
27282,6
21863,6
5669,8
7788,6
3302,8
15155,6
4072,7
274,7
24197,5
18272,6
13166,10
24755,6
13106,9
14570,6
20068,6
22145,6
4628,8
1508,6
8608,6
5964,6
6443,7
25247,6
1686,8
20909,6
6232,5
8675,8
1638,8
16313,0
24723,6
2260,7
9979,3
23599,6
7433,7
24202,5
4889,3
9053,3
14097,6
12432,8
15515,7
19584,5
2484,0
10726,6
22624,6
25248,6
17361,6
18378,6
11083,6
25112,6
23753,6
16293,7
22559,6
2288,7
16818,7
9331,6
3070,7
19856,2
16377,6
13435,3
1008,7
24824,5
4964,8
21811,6
26119,6
4282,8
13649,10
409,7
5366,6
182,7
12073,6
13675,6
28768,5
19977,6
15329,7
5121,7
28637,5
19209,6
273,7
8448,8
8880,7
21584,6
11175,7
7137,7
12007,7
25106,6
19347,6
26776,6
22587,6
4996,2
9212,6
29184,5
23915,6
4471,6
18995,6
26631,6
2271,3
27807,5
6134,2
21129,6
8499,3
14529,3
29168,5
3614,6
28631,6
6114,6
24075,6
8905,6
22035,6
14343,6
23398,6
27700,6
2423,7
21769,6
8999,6
19348,6
5953,3
2359,8
7666,7
27986,5
15613,6
9971,6
14231,10
1847,7
2861,2
22958,6
17351,6
4239,8
6405,7
12666,6
13299,10
2904,6
3672,2
28951,6
10174,6
22136,6
11121,6
6248,7
15940,6
28619,5
2106,6
22868,5
25853,6
13574,6
9068,7
24531,6
13846,3
5525,7
9800,3
7264,7
4519,6
12660,6
5447,7
19858,6
25577,6
21342,6
9540,7
15680,7
13735,6
8399,6
17022,6
10607,6
20351,5
28312,6
19518,10
25610,6
24203,6
27570,5
272,7
26161,6
18693,6
19076,6
8001,6
23787,6
12675,2
2532,3
28870,6
21329,5
29208,6
13656,6
3688,7
23194,6
10923,6
7483,7
3066,3
28984,5
28184,6
20499,6
5592,3
21577,6
23627,5
9478,3
16617,8
27512,0
28435,5
18397,6
25548,6
24981,6
6119,0
26836,6
10566,2
16388,6
17408,3
8786,6
4371,7
14965,6
26035,6
7438,7
4752,7
21543,6
25993,6
15546,3
19147,6
5742,7
29176,6
27780,5
14582,3
19033,6
22700,6
19573,6
12268,6
19020,6
12256,6
2300,7
226,8
12189,6
25718,6
15080,7
21334,6
13771,6
21572,10
11932,10
21911,6
18701,6
8199,7
21913,6
4129,6
25416,6
12200,6
899,8
10004,7
23258,5
3678,7
10585,10
9733,6
3493,7
10595,2
8866,3
15340,0
28041,6
6781,6
25869,6
4107,7
5365,7
20848,6
8135,6
26097,5
28054,6
24928,6
20222,6
21467,6
17204,6
12881,6
230,7
22947,6
28981,5
17342,6
1995,8
11428,6
14412,6
25334,6
26074,6
4197,3
1188,8
3956,7
15104,10
53,8
7123,6
7256,3
23671,5
23788,6
21249,7
7421,3
27838,6
2416,6
2845,7
6209,8
23,9
2860,8
22647,6
25076,6
13360,6
25901,6
10475,3
5235,3
19948,7
7620,6
14605,6
19548,6
28323,6
19686,6
1775,7
27216,6
11302,3
19262,6
29170,5
25253,6
19009,6
8417,6
22214,6
26158,6
12139,6
17503,6
13324,6
21182,6
7166,6
12378,6
2542,3
26985,5
17957,6
4742,8
8919,6
11072,3
7703,6
25392,6
15586,3
2435,10
15750,6
13754,9
23065,6
4787,3
24302,5
18300,6
24204,6
8475,6
16151,6
28344,6
29029,6
27574,6
27142,5
15366,6
2878,7
21196,6
8426,6
5767,6
11504,6
22380,6
9299,3
24595,6
23035,6
26360,5
22502,6
10239,8
28363,6
5352,7
20990,6
8924,3
1623,8
10049,2
27795,6
24437,6
2597,7
18498,0
26047,10
22003,6
4339,6
7922,7
27746,6
12917,6
28833,6
8594,6
21785,6
28485,6
25666,6
9822,7
7892,6
2380,8
29058,6
21980,6
22076,6
24803,6
14165,6
7119,7
142,6
14973,6
17742,6
24974,6
1205,6
9361,6
2317,10
3807,8
25037,5
16072,6
10172,7
27204,6
19641,2
3654,7
24984,6
28595,6
19888,6
6571,7
20094,6
5704,7
3457,7
5661,2
14142,7
22117,6
18773,6
25272,6
14571,6
28479,5
20739,6
18411,2
27177,5
9459,6
4305,7
16493,6
5328,7
15832,6
16561,6
14711,6
26080,6
8229,10
28157,6
13599,6
9611,7
28844,6
13136,7
11483,6
27357,5
21066,6
15343,6
28629,5
14812,6
3808,0
10293,7
2216,7
13751,7
12787,6
28646,5
3566,2
25603,6
8009,7
2848,7
26675,6
23623,5
11805,6
15130,6
13302,6
5567,7
17590,6
14383,6
16954,6
22931,6
11054,6
29013,5
12737,6
9505,7
8676,10
25695,6
4782,8
4806,6
10866,7
26787,6
28227,5
26078,6
652,8
23864,6
23355,6
26206,5
20730,6
13858,7
24696,6
21844,6
22257,6
17793,6
15171,7
22203,6
25908,6
23109,5
12047,2
27871,6
22998,6
23576,6
12774,6
26461,5
11391,7
7538,7
19119,6
15377,6
14382,6
7901,7
14087,7
437,8
13857,6
112,7
19265,6
24409,6
16006,0
12076,6
27653,6
21939,6
20514,6
17420,6
7009,6
10151,6
2821,8
15597,6
1795,7
8019,7
16651,6
24460,6
9566,2
11071,7
566,7
465,3
3572,9
27998,6
11891,6
23447,6
14224,3
11936,7
12600,6
22753,10
4625,3
5666,7
5138,7
6819,10
19188,6
28081,5
23869,5
15811,6
10725,6
11760,10
25177,6
14114,3
3739,3
20787,6
178,6
27118,6
6120,0
17928,6
16948,6
25038,6
9322,6
19015,6
15016,6
2866,7
11544,6
16462,6
19405,6
6498,3
11736,6
27207,6
18794,6
13756,6
22781,6
286,7
9324,9
27056,6
23799,6
19730,6
8639,7
10760,10
2077,7
26798,5
18612,6
9703,3
23721,6
7016,6
20741,6
23298,6
2113,3
12161,3
24731,6
13263,7
16632,6
16531,0
7637,8
12569,7
5283,6
21596,6
16630,6
26443,5
20417,6
5822,7
22449,6
5216,7
21224,6
27874,5
20303,6
27116,6
3881,7
14500,6
28539,5
5120,8
1334,7
16154,6
9662,6
9089,10
16040,6
12204,6
22943,6
3012,3
24971,5
24710,5
7772,6
23167,6
1255,8
25880,6
3765,8
20497,6
22452,10
17819,6
19421,6
22975,6
22803,6
21118,10
25349,6
11561,9
2527,7
24417,10
25974,6
19911,5
12702,6
18863,3
2608,2
1959,7
23510,6
28495,5
23030,10
5650,7
7189,6
26531,6
2960,7
21682,6
26152,6
7470,7
6210,6
3193,7
28790,6
8257,7
29043,5
6787,7
10565,6
207,8
26450,6
7774,7
8697,7
19117,6
17670,6
10630,7
4070,7
10838,6
15218,6
19041,6
21576,6
20907,6
7873,2
22567,6
28778,6
16873,6
23595,6
8273,6
13064,7
3668,7
15937,6
15584,10
25073,5
22838,6
24957,0
27171,6
28048,5
19849,10
8079,8
23861,6
761,7
28262,6
15251,6
14955,6
17277,6
1620,8
17457,7
8912,7
7946,7
14501,6
4007,8
16403,5
13628,6
26003,5
5840,7
6663,6
8940,7
22023,6
2401,7
11852,6
16549,2
23156,6
5504,6
22883,6
1960,7
8913,7
21947,6
1317,7
26966,6
2337,8
20157,6
764,0
11726,6
16546,10
9426,3
7297,8
12061,7
18718,5
27747,5
16329,0
2610,3
11644,7
7074,10
16846,7
24862,5
3224,7
12339,6
5204,6
11593,3
353,8
19707,6
15796,6
19844,6
10457,6
21822,6
5347,3
7995,8
3702,8
27474,6
20636,6
10514,8
22038,6
18137,6
23080,6
20666,6
5581,7
21497,6
17932,6
20837,6
4039,7
11860,6
21212,5
19598,10
26464,6
7773,7
21602,6
12899,7
15553,2
26102,6
13613,3
27159,6
4375,6
2744,7
23899,6
9932,7
22997,6
26509,6
18959,6
14914,6
11507,6
28657,6
10818,10
8626,7
15031,0
19550,6
23004,5
21213,5
24114,5
19758,6
24697,5
10424,7
2224,0
588,7
7864,3
22032,6
1581,6
21803,5
1945,8
23016,6
28324,5
25473,6
28716,5
29079,6
18462,6
9298,6
26058,6
12562,7
21138,6
7904,0
25127,6
2929,7
4421,7
5282,7
19440,6
3084,7
24925,6
8961,6
8698,7
1850,3
6694,5
11449,6
7799,6
6721,6
2705,7
5643,8
4033,3
8892,6
1540,7
10806,6
12509,6
8420,6
18689,6
27705,6
16733,6
17326,7
20338,6
19123,6
16982,6
3524,7
984,7
19910,6
9778,7
17974,6
25694,6
16174,5
9021,7
10358,6
14037,3
11114,6
24108,6
15806,3
19204,6
6832,6
12483,7
3173,6
1228,3
9349,7
5856,6
26907,6
4125,8
21083,6
24605,6
18179,6
25395,6
2662,8
25967,5
25963,6
23225,6
28281,5
17781,6
2879,7
14414,6
12691,6
24537,5
23192,6
17267,6
9827,8
17081,6
4145,10
15990,6
10143,3
14018,6
11527,6
3129,3
979,8
21407,3
5342,7
26927,6
19709,6
8531,7
14676,6
4529,7
27412,6
3405,9
27166,6
10935,2
27321,6
28804,5
9839,6
7434,8
6706,7
8289,6
27080,6
4512,6
27959,6
6341,8
24688,6
13887,7
27644,5
2965,3
27406,6
16662,2
12591,8
14867,10
12205,6
570,7
1641,7
17141,6
29158,5
5252,7
23060,5
7569,7
20858,6
9176,10
23166,5
6230,10
832,7
25067,6
14182,3
3896,3
10892,7
21501,6
21026,6
19281,6
1054,6
4211,3
3105,8
17037,10
9569,7
27621,5
15906,6
17459,6
18372,6
4710,7
6934,3
1172,3
21394,6
15588,2
18200,9
24813,6
16416,6
28159,5
6343,6
24575,5
3587,3
25185,6
14511,6
5923,2
23288,6
4587,8
27515,6
24938,5
13620,6
2,0
15396,8
5125,3
18310,6
21507,6
3007,8
841,6
23056,6
6734,6
14772,7
27670,6
599,8
18948,6
17982,6
28294,6
11751,6
4485,3
22500,6
21234,6
26107,6
9587,6
27822,5
3240,8
27352,6
9917,6
3452,7
10589,6
6798,7
25914,6
17985,2
12693,6
25909,6
3737,7
17895,6
19023,7
6544,6
14098,10
5243,7
19433,6
2444,5
12170,3
17482,6
12325,3
9511,3
27543,6
14213,3
9844,6
17224,0
20386,6
12723,6
11249,3
5574,6
26061,6
27882,5
2655,7
2701,3
10790,9
7043,7
885,6
11102,6
29009,6
14447,3
9853,3
425,7
609,7
25405,6
23379,6
14413,3
15265,6
28290,6
13451,6
7510,7
6905,3
5406,8
9863,6
3658,7
23171,6
27883,5
19546,6
23455,6
19235,6
24737,6
23361,6
27247,5
27514,5
4692,7
12993,6
25497,6
27699,5
9517,7
27173,6
1719,7
21136,6
10100,7
14776,6
23980,5
18150,6
1110,7
29024,5
22017,6
8619,6
9313,7
27368,6
26510,6
17379,6
6520,2
1996,7
5800,3
12488,6
380,8
587,7
20130,6
25644,6
20854,6
1544,3
2844,7
9256,7
14059,7
10646,7
20657,6
7206,7
17386,7
11286,7
5561,3
17562,6
14542,6
7813,6
26347,6
16165,6
8579,9
5082,0
10410,6
6407,3
21108,10
26354,5
3370,3
22538,6
21641,6
8087,7
1632,8
28789,6
21051,6
20928,6
16269,6
21354,5
6235,7
15342,6
28832,6
14073,7
28858,5
22845,6
2065,8
1539,7
6795,7
15831,6
25503,6
9189,3
1153,6
25605,6
15778,2
9161,7
21093,6
23553,6
4667,6
4961,6
3107,2
8638,7
1004,7
10829,3
4412,6
25907,5
13227,2
18146,6
13813,9
18807,6
11025,6
22451,7
19155,6
27373,6
18710,6
14954,6
25627,6
24805,6
22089,6
29049,5
2847,7
16877,7
22010,6
16861,9
591,6
16712,6
18149,7
9763,6
2172,7
709,7
25847,6
13548,10
15087,6
7800,7
21294,6
7547,7
6581,3
24638,5
9024,7
10887,6
17208,6
25400,6
25701,6
28369,6
2746,6
19144,6
960,10
4113,7
23245,5
23908,6
26823,6
17200,3
7010,7
1980,8
25801,5
12335,8
23816,5
26261,5
4174,8
15371,6
16452,6
29222,6
1548,7
18097,6
21085,6
4582,3
8468,7
26824,5
26562,5
20964,6
21689,6
26079,6
3940,7
23350,6
17848,6
27997,6
10078,10
28072,6
25733,6
26270,6
24918,6
28814,5
24129,6
27342,6
17961,6
23643,6
5246,7
14780,6
26893,6
13326,10
11307,6
12343,6
28666,5
16854,7
20817,9
4755,8
24811,10
21292,6
12261,3
21905,10
14089,7
3964,7
24615,6
14179,6
26427,6
18648,6
7903,7
799,7
18447,5
9151,6
5938,3
23589,10
9251,7
22558,6
1912,10
26493,6
951,7
15244,7
2766,7
18348,6
5637,8
26925,6
27945,5
9257,7
10554,7
17297,6
3355,0
17033,7
20329,10
7655,6
10461,6
14762,6
16061,3
13643,7
21020,5
23236,6
11073,3
5337,7
25205,6
9694,6
15413,6
4067,7
18535,6
26335,6
21729,5
8336,8
13993,6
3017,7
12661,6
22957,6
16470,7
12279,6
13471,7
644,7
4780,7
22990,2
15672,10
28287,6
23523,6
13280,6
28429,6
8033,6
20941,10
6150,7
1402,0
11306,6
15645,6
11770,3
2038,3
24566,5
3514,7
8314,7
22961,6
9119,6
11511,6
4260,7
3830,7
10253,7
28232,6
15614,10
21485,6
23038,6
17925,6
18156,6
12079,2
781,7
12686,6
5197,10
12177,6
26949,6
24677,5
28412,6
3925,8
21100,6
8255,6
9686,7
25193,6
26957,6
28499,5
14741,10
27290,6
21459,6
20055,6
12906,0
8772,8
23770,6
3928,6
2470,7
4817,8
27695,6
789,3
8469,6
24639,6
9714,6
19774,5
4230,6
6583,6
7002,6
22116,6
25590,6
13344,6
26976,6
16286,2
20927,6
27337,6
15243,7
8941,6
7787,6
28926,6
8727,7
28719,5
7941,3
5426,2
26318,5
13426,7
4453,10
9483,6
20549,7
11370,6
25443,6
26885,6
21727,6
14806,3
22018,6
16178,6
7554,7
23672,6
4798,5
160,6
20511,6
2049,8
23359,6
11683,6
16373,6
19115,6
6563,7
28576,6
6425,7
23968,6
15378,6
15381,6
24602,5
23343,6
5387,3
3748,3
22223,6
27715,6
13868,6
2426,3
19120,6
20407,6
13365,6
28541,5
11617,6
7866,7
16125,6
16182,3
8351,6
4021,7
19920,6
9156,6
13094,7
24061,6
23895,6
25009,6
7592,7
6488,7
6117,6
19998,6
1442,7
4642,7
27344,5
7198,2
20590,6
911,7
15403,3
10706,7
26715,6
25688,6
15966,6
24752,6
22586,6
23320,6
25010,6
16067,0
24342,5
13387,6
20488,6
18223,6
20210,6
27905,6
5127,6
11742,6
23168,6
3985,7
20223,10
15526,6
11601,7
22263,6
5132,7
16698,6
410,10
18275,6
6897,7
16570,6
7111,3
27447,6
23631,6
656,7
27736,6
17546,6
15268,6
5074,8
18425,9
23346,6
6834,7
15073,3
25840,6
25601,5
18281,6
21827,6
25350,6
25260,6
5749,7
5697,8
22837,6
17257,6
5033,6
15443,6
3305,7
16966,6
18716,5
24775,6
15664,10
14619,6
28829,6
24673,6
16471,7
1435,7
24702,6
6372,3
3750,7
23289,6
22930,6
11149,7
1267,7
10452,6
8581,8
28357,6
8591,6
21547,6
7199,6
14698,6
17933,10
10075,7
4037,6
14323,7
1436,7
11123,10
8410,6
14846,6
11656,7
3779,7
19662,6
10789,6
22668,6
24152,6
28198,6
14707,6
6695,8
23741,6
27061,6
16836,6
26540,5
26786,6
394,7
13131,6
5924,6
24869,5
12430,6
19397,6
29055,5
16216,3
18389,10
15483,7
22894,6
12419,6
13287,6
24664,5
26617,6
26887,6
20174,6
6703,7
9286,7
27486,6
16363,10
10911,7
6413,7
552,7
20720,6
15384,2
28449,5
9367,3
2086,7
153,7
21661,6
20753,6
17409,6
29018,6
7139,2
5165,8
27931,5
23669,6
2259,7
26915,6
14941,6
12326,7
26401,6
24823,5
21989,5
6927,7
10420,6
28348,6
12931,6
18255,2
28967,6
5071,3
7537,8
15813,6
1301,8
14550,5
561,8
14104,10
20088,3
25849,6
19745,9
12016,3
1389,7
20947,6
14206,6
19070,5
26884,5
21019,6
15930,6
25802,5
24977,6
3724,0
3875,7
12148,6
1042,7
6436,7
3470,6
27694,6
21283,6
23916,6
4682,7
3722,6
26077,6
14280,6
8451,3
11423,10
17991,10
23515,5
11014,3
19006,7
27837,5
7961,3
43,7
8684,6
12669,7
25761,6
5792,7
28613,5
26416,6
23673,5
5469,7
28949,2
13386,6
28607,6
13770,6
14688,6
23139,5
10972,6
18147,6
19717,6
27243,6
14541,6
16805,6
14369,6
27395,5
7519,3
11623,6
5870,2
15153,6
20792,9
7285,6
11234,10
2341,8
25696,6
15955,5
12436,3
11013,3
24939,5
11506,7
25542,6
24822,2
24169,5
1231,3
13791,6
28909,5
6271,6
23801,5
17621,6
6818,10
6559,8
20331,6
10638,10
2956,7
27625,6
15392,6
14273,0
15363,6
16505,6
26685,5
8210,7
7182,10
13159,6
24985,5
20070,6
21751,6
19084,5
24501,6
4699,7
17907,6
12235,6
24978,5
27390,6
784,0
19476,6
7627,7
11336,6
16199,6
10323,3
26459,6
4661,8
23905,6
26805,5
21633,6
6762,0
27019,5
16028,7
17423,6
20526,6
5698,6
2690,8
21770,6
26606,6
324,7
24814,6
9854,7
19393,6
25855,5
5879,7
10837,7
23092,6
1233,7
2853,7
22790,6
6332,7
27203,6
2941,3
461,6
14358,6
12181,6
25864,6
6552,6
19007,6
27326,6
7173,10
24747,6
8845,6
16398,10
16428,6
16559,5
11868,6
9307,7
25233,5
2479,8
27624,6
21917,6
8693,3
16957,6
2598,6
22303,5
27940,6
5973,3
14374,7
14694,6
14191,10
26791,5
22601,6
8445,6
10249,6
23513,6
2100,8
24785,5
4568,8
11418,3
24269,9
16781,6
19876,7
812,7
19973,6
29002,6
10530,6
6901,10
3046,7
27259,6
9807,7
12985,6
27885,6
28390,6
3385,6
18980,6
9400,3
18651,6
10510,10
20914,6
17321,6
2179,7
11684,6
1769,8
2272,3
17265,7
912,7
8065,7
15676,3
20688,6
24271,6
19321,5
20534,6
14061,6
9914,7
9323,9
20271,6
2962,6
9033,2
27138,6
1230,3
9293,7
12437,3
16558,5
14687,6
3510,0
23215,6
1276,3
6633,9
27298,6
28163,5
22514,6
2338,7
11466,7
2603,10
14074,7
2551,8
21372,5
13851,6
9814,3
10597,7
26822,5
6267,7
4309,2
18658,6
24698,6
11158,6
10259,7
5471,6
14125,2
17674,6
10107,6
11442,10
28085,6
23694,6
8272,3
19373,6
21210,6
24111,5
22760,6
15968,5
1136,7
9368,6
363,8
25771,6
1380,7
19726,6
892,6
21539,6
10142,7
21165,6
20744,6
23233,6
16648,6
15264,6
9242,7
4240,7
19556,2
8614,2
21990,6
25355,6
9772,6
19929,6
3615,8
15785,3
27536,5
24794,6
536,8
6049,7
15459,10
6558,7
23881,6
26633,6
21789,6
22179,6
6408,6
4086,8
861,8
16680,6
603,8
5141,6
8789,3
22407,6
11284,7
4111,6
27454,6
14522,6
18220,6
2517,7
9903,6
19182,6
1489,8
22824,6
7991,3
24913,5
13057,6
10062,6
12380,6
539,7
24568,6
9752,8
13879,6
19570,6
17766,6
6746,6
26448,6
15488,6
22979,6
14342,6
22589,6
21154,10
5250,2
18059,7
9476,7
18187,6
9661,6
25234,5
17237,6
21930,6
27117,5
24604,5
28918,5
28077,6
27851,6
24969,5
2466,9
8716,7
18003,6
5786,3
6014,6
27726,6
22733,6
1431,6
28734,6
1498,7
18269,7
14521,6
18244,7
4393,7
18551,7
15197,7
15834,3
21597,6
2220,3
27038,6
3701,7
18353,6
14009,6
8598,6
5677,7
8261,3
3031,6
4856,7
6080,3
29072,6
27128,5
19450,6
15032,0
15428,6
16227,6
24229,5
17883,2
3798,7
19083,6
12728,5
20191,6
10506,7
505,7
28860,5
8017,7
8238,7
6796,3
8280,7
12245,6
24,9
27803,5
5431,7
26307,6
1640,7
12367,7
2657,7
7553,6
28925,6
6239,10
22002,6
20141,6
5814,6
28306,5
9819,2
7093,2
14559,5
9893,8
28591,6
13311,6
25860,6
21097,6
9310,6
6557,3
8345,6
4065,6
9818,6
2917,7
18005,6
11311,6
2206,7
4005,6
26783,2
6432,6
2863,2
4030,2
13788,6
3311,3
2988,10
23870,6
22447,6
429,8
11532,6
27397,6
23526,6
28140,6
14379,5
27026,6
12647,6
19847,10
26814,6
24462,6
9563,10
18924,3
12309,7
28923,6
1938,7
2928,3
11793,7
4993,8
10778,6
20038,6
16842,10
6580,6
19509,6
3684,7
9817,3
26165,5
5579,6
8194,7
23145,6
17488,6
7591,7
20117,6
22052,6
14017,6
12662,6
27299,6
6499,8
1288,0
25377,6
22463,6
22123,3
20282,6
2692,3
7100,6
26278,6
6303,7
18930,6
16777,10
2712,8
21487,6
27346,5
16893,6
20782,6
22020,6
14429,10
3164,8
18650,5
21495,6
12526,7
18529,10
24594,6
15000,6
16017,6
17539,6
11305,6
20049,6
28907,5
5715,8
21760,6
25017,5
6247,9
29112,6
5061,6
21845,6
1182,8
4715,7
22307,6
6008,7
19130,6
21489,6
11273,6
13511,6
7558,7
11067,7
4182,7
12429,6
4739,7
2600,6
9897,7
2425,10
22400,6
3502,3
17909,6
9583,7
6461,6
20652,6
16478,6
22656,6
4962,7
9137,7
17824,6
9222,7
16697,7
19988,5
28955,6
783,3
3854,7
27708,6
19668,6
1928,7
16391,6
21031,6
22707,6
21171,10
24593,5
26332,6
8654,6
111,2
10817,6
16188,7
8185,6
13590,7
23879,6
21817,6
21795,9
6974,6
19492,6
12810,7
21084,6
24885,6
13043,7
1702,3
14186,6
28881,6
21717,6
22836,6
25296,6
23924,6
23724,6
22191,10
13190,6
26139,5
1664,7
9536,6
18160,6
15608,7
14110,7
19185,6
24709,5
24207,5
2731,2
26916,5
20348,6
6881,6
24584,6
24601,10
25288,6
19683,6
13210,6
21098,6
6214,7
4473,9
14721,6
1137,8
14856,6
26611,6
26843,5
18966,6
11708,6
19418,6
26050,6
28837,6
14792,6
13068,7
6607,10
24490,6
18405,6
26956,5
23221,6
8993,7
2173,7
26441,6
21598,6
8586,3
16063,5
17687,6
2046,7
14102,6
13335,3
18541,10
952,7
18173,6
9699,6
16137,6
15019,7
25998,6
19400,6
17846,6
19488,7
992,6
8388,7
145,7
10615,3
1090,3
5824,3
26420,5
18066,6
18076,6
431,9
5642,7
15070,3
13171,6
19109,6
26389,5
1465,8
4437,8
1865,8
16075,3
26341,6
3923,3
20775,6
19151,6
10153,6
4774,3
11040,7
22831,6
3372,7
24900,6
1919,7
9892,6
11989,6
833,3
27194,5
22409,6
27457,6
20806,6
18663,6
23668,6
11963,6
9047,9
8082,3
6282,6
9050,6
24847,6
18614,6
12594,10
3466,8
6186,7
8484,6
3950,7
16711,5
17983,6
15266,7
4275,6
20838,5
21465,6
20,6
4605,3
18984,6
27671,6
11873,6
11119,6
6295,7
21614,6
28393,5
2062,6
24708,6
6656,2
13164,3
23664,6
27810,6
6426,7
24168,6
28570,6
24081,6
20812,6
13980,6
9435,10
9482,7
15782,6
9544,3
6009,7
8480,7
13151,10
2945,3
13339,3
26512,5
3080,7
2420,7
8235,6
4435,8
23628,6
2248,7
21143,6
14520,6
5218,7
16795,6
25245,10
22973,6
17410,6
12982,6
1693,8
23410,6
21431,6
2572,3
11859,7
27875,5
7709,6
4286,8
4414,7
20679,6
25528,6
10403,7
10808,3
10061,6
1874,8
19753,6
27018,5
20624,6
25567,6
3149,7
22253,6
2218,6
24312,5
26511,6
15769,6
879,7
25078,5
5714,6
10380,6
22798,5
5580,6
220,7
893,7
15531,6
1951,7
1625,7
22101,6
4779,7
14589,6
29108,6
26089,6
21053,6
28900,6
24028,5
24937,6
27975,5
5629,7
3731,7
23087,6
18297,6
2719,9
8492,7
3522,7
12821,6
26362,5
28764,6
24232,5
16672,6
16171,7
6638,8
4334,7
17005,7
8040,8
4893,6
21693,5
28526,6
21494,6
3542,6
27976,6
1521,8
25526,6
1393,6
6333,6
25792,6
4480,7
19571,6
26239,5
4888,8
17046,6
3198,2
24138,6
9091,6
28700,5
328,7
5190,7
15745,6
3415,2
19894,6
20368,5
4298,3
914,7
4354,3
17162,10
26406,5
23116,6
28516,6
21510,6
17314,6
18543,6
318,7
28914,5
14768,6
26141,5
5035,8
27855,6
4705,6
26504,5
23529,6
27280,5
13491,6
18148,6
26498,5
27818,6
24777,6
12479,7
12792,6
441,8
795,7
28859,5
12421,6
25999,6
6345,7
6447,7
20438,6
17031,6
12757,6
12684,7
28891,6
27448,5
17888,6
24695,6
28211,6
29120,5
24153,6
28644,6
27956,6
15112,6
28584,5
22022,6
14890,6
28260,5
17266,6
23423,5
24567,6
26449,6
27853,6
23027,6
17072,6
19399,6
23824,6
13392,7
29030,6
18305,6
16247,3
24216,5
21152,6
1549,8
551,8
24670,6
7767,2
21855,6
14920,6
2520,6
22607,6
28671,6
16969,6
20126,5
4823,6
21685,6
20342,6
27825,6
15559,3
8340,6
14106,6
23287,6
22327,6
23496,6
13516,3
11082,6
20398,5
13323,6
21858,6
19513,5
18653,6
11110,6
9852,8
4200,8
28618,6
18327,6
21815,6
26034,6
21820,5
13895,6
29073,6
4843,7
19177,6
27759,6
6417,8
2755,3
12015,3
26673,6
1368,7
6353,7
23699,6
28874,6
24718,6
22993,6
5140,7
27797,5
8521,3
27122,5
18717,5
12739,7
23256,6
21364,6
2309,7
26455,6
7890,7
12957,6
22903,6
11129,7
6906,6
22792,6
25534,6
9562,6
26937,5
7657,6
22166,6
16724,7
23067,6
21771,6
16739,6
27597,6
26182,6
21220,6
23690,6
28968,6
26632,6
12448,7
23578,6
9935,6
16029,7
9649,7
7947,8
27498,6
19506,6
22717,6
23943,6
10052,7
28523,5
16706,5
14495,6
14230,10
21280,5
2997,6
15221,6
26128,9
5512,6
7793,6
13776,7
1925,8
958,3
15771,6
28889,6
20563,6
17869,6
27934,6
16851,6
22847,6
28408,6
16663,7
26363,6
22377,6
1274,7
28424,6
9463,7
12481,6
11075,6
21862,6
1060,7
26025,6
26309,5
592,3
12092,6
10909,3
29148,5
20924,5
2295,7
13524,6
20687,6
7792,3
823,8
17041,6
21759,6
20291,6
553,7
16752,6
14490,10
2347,7
17064,6
23444,6
16207,6
26419,6
15842,3
14811,6
6060,10
11140,7
21635,6
27965,6
27478,5
9354,6
10767,5
12668,6
8404,6
6058,7
16221,7
28008,6
7676,7
7346,7
12838,6
13739,2
10617,6
6219,6
15478,0
17816,6
13880,3
27760,5
14699,10
16910,5
22734,6
3172,8
28078,5
21604,6
12850,7
21567,6
23913,6
356,7
26240,5
28641,5
18695,6
21190,6
4915,3
3911,6
25218,5
11141,7
3102,6
28490,5
20272,6
7130,7
25583,5
244,3
11419,6
5662,2
986,8
25787,6
1561,8
18814,7
24303,5
10470,10
14334,6
7625,7
28296,5
12689,3
23715,6
13033,3
20868,0
21370,10
11230,5
15748,10
5161,7
15926,6
24313,5
28381,5
24689,6
5498,2
5999,6
22688,6
14533,6
20472,6
9425,9
21697,5
17960,6
10490,10
15284,6
17665,7
12376,3
14039,2
8968,3
10933,6
1536,3
21244,6
10154,7
5434,7
29134,6
16427,6
26321,6
24870,5
12532,7
18527,5
17000,7
16387,10
19772,6
25036,5
16785,6
13465,3
5519,3
24293,5
25795,6
28689,5
27172,6
27917,6
5481,7
9743,3
13842,7
9688,8
21405,6
17195,10
8240,7
11173,6
25059,5
18561,6
26185,6
21119,6
10810,8
20860,6
25781,6
24743,6
24142,6
5586,7
17604,6
23698,6
1902,7
16299,6
18002,7
14781,6
12187,3
9767,7
1350,7
5158,3
5024,3
3175,6
15425,7
19282,6
17780,6
21047,6
15074,3
21554,6
19951,6
20702,6
7059,6
17849,6
23498,6
9391,6
14348,6
15512,7
23314,6
25558,6
26101,6
18341,6
22190,6
24237,6
14326,2
16683,6
24622,5
20847,6
18724,6
4220,7
840,7
21384,6
21415,6
26622,5
6032,0
14115,6
158,3
28678,6
23946,6
22891,6
23022,6
14415,6
21945,10
16456,7
23735,5
15853,7
27714,5
12269,6
11918,10
17107,6
13539,6
17799,6
19845,6
4296,7
24806,0
18920,6
26273,6
4826,7
2101,7
3265,8
18816,5
13684,0
11681,9
28462,6
21399,6
16730,10
24880,6
21477,5
25825,6
20300,6
26391,6
11304,6
9948,7
10666,6
24211,5
4602,10
2854,3
20682,6
17401,6
28351,6
3114,7
3234,7
28574,5
22317,5
15476,6
11610,6
10098,6
8450,8
5506,6
8995,7
11298,6
19601,6
18765,5
29147,5
27277,6
13557,3
3800,10
23577,6
16453,5
15759,6
16987,7
1041,8
29096,6
29140,5
14173,2
14049,3
18610,6
22750,6
4258,3
27140,5
22450,6
4101,9
559,7
2605,7
10343,6
14761,3
18597,6
17880,10
2637,8
1588,8
4653,8
8064,7
22338,6
27044,6
20910,6
1809,7
152,6
21992,6
1035,3
14996,6
16645,0
25994,6
14831,7
22995,6
25784,2
18218,6
15358,7
12979,6
17927,6
15709,6
26188,5
1582,7
4646,7
1842,7
23705,6
24350,5
28594,5
15204,6
18836,6
10811,7
26288,5
15670,6
27999,5
5267,7
13213,6
22870,0
19787,6
3552,2
4580,8
24848,5
3850,7
24369,5
16821,6
20533,6
25184,6
28799,6
14222,7
5576,8
7234,6
24453,5
7742,7
26982,5
11704,6
20813,6
8217,7
22280,6
12049,6
20776,6
15109,2
5223,8
23334,5
868,7
8722,10
18268,6
270,8
1011,8
28962,6
9816,3
18900,6
8764,7
1700,6
5285,7
29212,5
1812,7
23066,6
13158,7
22588,6
23610,6
8944,7
6428,6
6531,7
26980,6
11223,10
22236,6
1837,7
17901,6
11576,6
9363,7
19935,6
17348,6
23223,6
12474,6
28947,6
26390,6
24115,5
11399,6
10474,7
6111,7
10983,2
3905,7
25419,5
10279,3
20299,2
1655,6
13222,3
8658,8
19619,6
15045,7
24617,5
17384,6
3421,8
24603,5
19529,6
23363,6
15514,6
11718,6
14470,6
9856,7
16048,5
10226,3
27988,5
19252,6
6708,9
8443,6
24198,6
24272,6
15455,6
26400,5
3227,3
10070,10
671,7
14592,6
17926,6
28729,5
3269,8
20178,6
20901,6
4406,6
24679,5
25652,6
7630,6
17485,6
11134,6
12059,6
12042,7
19902,6
24761,2
9512,7
17994,6
26103,6
18016,6
4181,7
25738,6
2075,7
22620,6
10191,6
13114,3
22666,5
24121,5
29121,6
26566,6
12738,6
10944,7
24191,6
25384,6
28101,6
28083,6
22483,6
16374,6
17013,6
593,7
7810,7
4929,6
23308,10
1343,8
18294,6
26898,6
16275,6
27910,6
10821,6
3139,6
18239,6
24864,6
15137,6
10785,7
14834,6
17355,6
20850,6
28103,6
22058,6
7447,7
26291,5
5487,7
18390,9
17160,6
22053,6
17489,7
28940,5
11018,6
4329,6
4976,6
27324,6
18226,7
16507,7
21276,6
14883,6
3532,7
7733,8
23935,6
12417,6
6183,7
10170,6
22212,6
19968,0
25521,6
6038,3
6020,3
16175,6
29001,6
19729,10
3541,7
25740,5
14324,6
12722,6
19266,6
11157,7
17426,6
25287,6
14577,6
1200,7
26250,6
15281,6
18531,6
284,3
20955,6
16090,6
4166,8
21343,5
18785,6
5451,7
24497,5
25283,6
4934,7
4438,8
3430,6
24751,5
5355,7
408,3
28785,5
17553,6
6082,6
24285,6
6352,7
14515,6
23085,6
5497,3
24372,6
5011,6
23209,6
3752,8
175,7
9598,10
14784,7
28979,6
24983,6
16725,6
14952,6
13292,9
2696,7
28038,6
25052,6
8851,2
23128,6
16600,6
23302,6
27982,6
1828,8
11241,6
14678,7
17302,6
1751,7
7880,8
26032,6
17310,10
10932,6
18448,5
24980,6
26587,5
8625,6
25485,5
28001,6
4549,8
9282,8
27016,6
18444,6
7051,6
5794,7
22713,6
8969,7
10701,7
9040,7
27786,6
19636,6
27068,6
28749,5
6196,6
7257,7
27228,6
24098,6
13540,3
19737,6
6495,7
20835,6
18774,5
28383,5
9480,7
5984,2
8610,7
23048,6
25965,5
18008,6
14279,3
26281,5
24341,5
6922,7
18290,6
24552,6
24559,5
21875,5
12013,7
2353,3
6923,7
22231,5
3318,8
1454,7
684,7
26686,6
18713,7
10606,7
12174,6
8994,3
16595,7
20115,5
10612,7
4170,8
9799,6
18440,6
8685,6
6895,7
4253,7
19602,6
24692,5
123,8
29082,6
27864,5
11497,10
16407,6
19178,6
22560,6
19540,10
3565,7
8191,7
26868,5
8485,6
2117,8
11259,6
17235,6
17001,7
9187,6
8239,7
12434,6
3679,7
869,7
19199,0
23469,6
20169,6
24212,6
17545,6
18599,6
9447,6
27517,6
14773,7
17591,6
23146,6
23009,6
27545,6
18734,6
6050,8
25752,6
27398,6
23850,6
13125,0
699,7
16305,6
28888,6
9166,10
316,7
12620,6
1213,8
7929,6
2273,7
17481,6
11795,6
19822,6
7219,6
3526,7
15280,7
28487,6
12078,7
12883,7
13200,7
21088,6
23960,5
7305,6
18884,0
10545,7
20162,6
18453,6
25826,6
18429,6
28927,6
18342,6
13968,6
12067,8
21317,6
21941,6
13919,6
18502,6
28444,5
2833,7
10314,6
4413,6
12603,6
13445,7
25103,5
20992,6
19091,6
6051,6
11962,6
25803,6
13907,6
28380,6
20995,6
10795,3
27468,6
21314,6
28376,6
26238,6
4627,7
19140,6
8820,3
1685,8
19314,6
20350,5
25396,5
26328,5
23836,5
6801,9
26535,6
23653,6
13714,6
13737,3
14879,7
21012,5
12519,6
8418,7
10750,6
10159,6
2616,6
6594,7
23962,6
10341,7
26130,6
6838,7
19103,6
18470,6
22934,6
2366,7
14489,10
2314,8
20123,6
7717,10
8680,3
25025,6
5522,6
14895,0
12699,7
26098,5
25097,6
29075,6
19785,6
24614,6
4278,6
15014,6
5257,8
12345,7
6899,7
14133,3
14953,6
12615,3
25956,6
22652,6
11611,6
13761,7
29046,6
6416,8
5718,9
5483,3
5812,7
12313,8
16536,6
786,7
10231,8
1077,7
22747,6
25133,6
25495,6
20317,6
4610,7
27915,6
25339,6
24543,5
16524,6
21619,6
17970,6
895,6
3747,7
29069,6
18784,6
1731,3
1920,7
15820,6
22235,6
24808,6
21057,9
12272,6
1303,7
12372,6
18112,10
17867,10
15207,6
22892,6
6276,6
25231,5
25221,6
1309,7
26108,6
16937,0
25656,5
759,8
23278,6
19436,6
1155,8
23002,6
18792,9
10391,7
16798,7
24324,6
8642,9
9689,8
174,3
2083,0
28241,6
19850,6
24780,6
25225,6
25513,6
16257,6
23401,6
22286,6
19638,5
138,6
28675,6
17618,7
19485,10
14968,6
3867,6
7220,7
1108,10
27380,5
4657,6
26550,6
22224,5
10550,3
15055,6
19441,6
9353,7
7422,7
12263,3
26732,5
14581,6
20063,6
25003,6
10600,7
21500,6
11207,6
18801,6
19883,6
5348,8
11753,6
11575,6
16390,6
20646,6
7807,6
28758,6
5222,7
263,7
12786,6
6147,10
2143,8
4841,7
7964,7
3953,6
7661,9
12230,10
10101,7
8069,7
27980,6
15209,6
12239,6
1134,5
12570,7
234,5
7450,7
18164,6
23970,5
26274,6
28042,6
28000,5
11427,2
29219,5
4997,3
1349,7
4428,7
14816,6
24134,6
5151,7
10769,6
1403,0
5946,3
15131,6
2219,8
15305,10
27141,6
13614,3
18802,6
107,7
20042,6
19885,6
12009,7
27218,5
26423,5
8461,7
8438,6
11654,6
19255,5
26923,5
1745,7
14599,6
23889,5
27097,6
3720,7
15049,10
3993,5
6019,6
1400,8
26407,6
7878,6
1994,7
28946,5
4366,8
25075,5
2127,8
12813,5
19303,6
26421,5
23000,6
16057,0
28413,5
18671,7
3869,7
19716,10
25168,5
15642,6
7746,7
19924,6
7801,6
8867,6
3131,7
3127,10
18247,7
24753,6
18970,6
5039,6
20509,6
12207,6
9145,6
1660,3
23933,6
22846,6
17182,6
20319,6
26579,5
28060,6
21324,6
16193,10
26069,6
20296,6
16865,6
2751,3
17032,6
24283,6
18396,6
1613,2
24521,5
4647,7
8957,7
27619,6
21804,6
10542,6
23417,6
10120,6
24261,5
17085,6
18237,6
18358,6
9889,7
22556,6
22301,6
25468,6
28039,5
6757,7
3568,7
23479,6
16469,6
8717,6
12472,3
7454,7
3513,7
4614,8
22723,6
28830,6
6680,6
19879,6
5452,7
25537,5
17460,6
2457,6
19960,6
18979,6
23887,6
10553,7
21122,6
23967,6
24904,6
29065,5
1818,7
26453,6
26906,6
25874,5
21135,5
24357,5
22815,6
2477,8
3986,3
21985,6
23243,6
5495,6
10492,7
3629,7
5802,7
2501,3
4238,7
4078,6
17754,6
16642,6
3753,7
17407,6
2181,7
14660,6
28210,5
25953,5
872,8
16779,7
27887,6
1254,3
10352,6
17268,2
19593,6
14291,7
4687,6
15470,6
3620,6
688,7
18546,6
15554,6
11707,6
19769,6
23947,6
5858,3
312,7
12091,6
15083,6
11752,6
26470,6
9382,6
17750,6
9330,10
20561,6
6092,7
6849,5
20617,6
16404,9
20664,6
1915,3
4171,6
8660,6
16638,6
5017,8
15030,7
9438,7
26750,6
27661,6
11469,6
18136,5
21058,5
2604,7
11242,3
2552,7
8542,8
9565,6
21491,6
1921,3
11866,3
2335,7
20577,6
20235,6
22532,6
28950,6
19096,7
16042,6
13259,7
23480,6
3885,9
245,7
22448,6
9537,8
18017,6
19577,6
17567,6
27961,5
7105,6
28265,6
21706,6
1490,8
23565,5
24538,5
11038,7
6197,8
20791,6
20186,2
20332,6
28931,6
9538,3
18252,6
22091,6
1997,7
13765,7
13334,10
9228,6
4669,6
28180,6
28263,6
21427,6
28352,6
2926,3
14558,6
27779,0
28209,6
6538,10
23727,6
29167,5
9198,7
23878,6
22100,6
11159,6
8871,8
20975,6
27630,5
9962,2
23023,6
14431,6
15889,6
25746,6
21680,6
4793,7
14870,0
28212,5
4385,7
26100,6
13197,7
17439,6
11413,2
12487,7
12704,6
12683,7
14255,7
27719,6
28643,5
16420,6
25841,6
11239,6
9904,3
18793,5
20520,6
29174,5
28728,6
15195,6
13004,6
27770,6
4936,7
24942,6
13462,6
11976,6
22725,6
26120,5
2344,3
22419,6
1432,3
3655,7
9199,6
20277,6
25960,6
9085,5
26569,5
16274,6
5799,7
26180,5
1125,3
11629,7
27384,5
61,8
27717,6
25991,5
11350,7
24339,6
15781,6
25995,6
4691,7
21846,6
6450,7
9864,7
12861,3
28102,6
4907,8
20437,6
21668,6
12154,6
7749,7
3745,7
11627,3
22411,6
9317,6
22204,6
26189,6
7274,7
27633,5
4289,8
24194,6
25684,6
5744,3
28422,6
19996,5
15239,6
10230,6
14507,6
737,6
24323,6
14704,6
26494,6
14329,6
643,7
17787,6
6710,8
2710,0
27120,6
6410,7
23049,6
5740,8
8123,7
5248,7
18205,6
17468,3
14532,6
16754,6
26196,5
10324,6
24841,6
25697,6
23981,9
2625,8
29163,6
10756,9
66,8
17704,7
24440,6
6686,8
16121,6
14321,3
10242,7
4740,6
26038,6
8162,8
26343,6
7372,7
25717,6
23757,6
24746,6
14107,6
20921,6
23942,6
9974,7
5454,8
81,7
21674,5
704,8
22885,6
23638,5
7133,3
19596,3
27158,6
6192,2
1296,8
28148,6
17737,10
23484,6
25900,5
28717,6
23397,6
8830,6
7160,8
24408,5
21133,5
14315,10
19195,6
15188,6
4176,7
4440,6
18296,6
4486,8
11154,3
3860,3
13513,3
9887,7
8338,3
18215,6
3783,7
3324,7
11639,6
27617,6
25882,6
22629,6
28386,5
2808,7
12491,6
9696,7
21326,6
102,6
23055,6
4986,8
27386,5
7252,3
27844,6
194,8
5373,3
13995,6
1596,3
16039,6
1416,6
19564,6
9170,3
12237,7
19077,6
10776,6
12123,7
17238,6
172,6
12967,6
5381,7
14446,6
3715,8
1502,3
28070,5
3955,7
17699,6
10629,6
685,7
12304,6
23381,6
19647,6
755,8
18954,6
12330,6
29097,6
7157,10
28747,6
3154,7
9493,7
16367,6
5617,7
19700,3
27071,6
19961,6
21559,6
1463,7
12706,3
873,8
18029,6
2364,7
4941,7
14510,6
26439,6
17227,6
17690,6
15662,6
27609,5
14993,3
20598,6
10272,6
2388,7
5091,8
22956,6
5169,8
11341,6
22320,6
18996,6
3716,9
17659,10
10624,7
21291,6
21857,6
10368,2
24003,6
12984,6
24238,5
12531,7
29031,6
22339,6
7812,7
14441,5
18333,6
28245,5
24110,6
17768,3
23928,6
1456,7
20819,6
24395,5
5453,3
3886,5
16145,3
22025,6
1075,8
15191,6
5001,9
18931,6
23071,6
19609,6
1848,5
18664,6
20654,6
25764,6
5707,7
8496,7
9849,10
18666,6
26296,5
16907,6
16136,6
26905,5
27834,6
9229,7
25165,6
2923,8
23234,6
18842,6
17474,0
1312,7
11930,6
10373,6
14900,9
20601,6
4829,8
21141,9
7057,8
5598,7
12568,6
16297,6
12593,2
19926,6
18549,6
7335,7
15108,6
1247,6
25791,5
19066,6
16051,6
13896,6
19429,6
18365,7
26960,5
5542,8
23311,6
26456,6
13189,6
17733,3
14725,6
3440,3
15658,6
17770,6
11354,6
27541,5
23382,10
22549,6
13905,6
24029,5
2039,3
13315,6
24591,5
4804,6
12811,6
2761,7
6913,7
24546,6
468,2
13783,6
22594,6
9660,7
22758,6
18217,6
16554,10
14336,6
27579,6
25731,6
21472,6
26784,5
5855,6
19751,6
3838,6
13584,2
3671,6
6973,9
8606,7
26659,6
25266,6
23387,6
17530,6
16823,6
47,3
18640,6
6514,6
600,3
8556,7
17422,6
11772,2
18974,6
9885,6
16095,6
14036,6
24623,6
2128,7
5417,7
24288,6
4104,7
5398,0
21791,6
20622,6
15733,7
14684,7
25085,6
7758,3
16902,6
10870,6
19895,6
12987,6
8024,7
12060,6
8370,10
23706,6
24828,5
1763,7
13886,6
29011,6
6,0
14030,6
16585,6
16056,6
27477,5
9249,6
1634,8
25087,6
28288,5
23848,6
17446,6
22736,10
22015,7
9947,3
23400,6
26168,5
19650,6
17643,6
28022,6
4947,6
9655,7
28230,6
18981,6
22714,6
1165,3
1501,7
17242,6
11747,10
18227,6
27500,5
13070,10
11731,6
9034,2
6823,3
7092,2
14947,6
14137,6
2706,7
13505,6
15158,6
5711,7
7180,6
884,3
5407,8
4386,7
27359,6
10270,7
17565,6
18398,6
28664,6
17179,6
11390,7
5979,9
25807,6
15003,10
1279,7
22458,6
5189,6
5566,7
6142,6
26471,6
22989,5
13759,6
28174,6
15674,6
24659,6
24684,10
21170,6
11964,6
5083,8
7185,7
6013,8
11817,7
10886,6
22273,6
26302,5
20046,6
23399,6
27503,6
16503,6
7052,7
28509,5
24127,6
27908,5
17473,0
19958,7
14028,6
6711,7
8566,6
12402,6
17074,6
16856,7
17719,10
21514,6
25372,6
10223,6
5025,3
3445,7
1736,8
28973,6
17708,6
23357,6
1669,8
16583,6
21480,6
18343,6
16885,10
24773,5
21259,6
9371,7
23226,6
26623,6
13814,7
